[
  {
    "id": "ece0b525-1763-4adf-bea4-9efd60671f83",
    "data": [
      {
        "text": "smart office",
        "alias": "IoT_Product_Type",
        "meta": "@IoT_Product_Type",
        "userDefined": false
      }
    ],
    "isTemplate": false,
    "count": 1,
    "updated": 1535367737
  },
  {
    "id": "b7c258de-5baf-4923-b67b-0df522c3a299",
    "data": [
      {
        "text": "offis",
        "alias": "IoT_Product_Type",
        "meta": "@IoT_Product_Type",
        "userDefined": true
      }
    ],
    "isTemplate": false,
    "count": 0,
    "updated": 1535367737
  },
  {
    "id": "0e08c478-8d0d-440e-b791-cc686df6c9ca",
    "data": [
      {
        "text": "officeoffice",
        "alias": "IoT_Product_Type",
        "meta": "@IoT_Product_Type",
        "userDefined": true
      }
    ],
    "isTemplate": false,
    "count": 0,
    "updated": 1535367737
  },
  {
    "id": "ea283f8f-a8a4-43f8-813f-809afd7cc710",
    "data": [
      {
        "text": "ofic",
        "alias": "IoT_Product_Type",
        "meta": "@IoT_Product_Type",
        "userDefined": true
      }
    ],
    "isTemplate": false,
    "count": 0,
    "updated": 1535367737
  },
  {
    "id": "0d87a5fd-39a2-4cd5-8f01-480c9c7700de",
    "data": [
      {
        "text": "ofis",
        "alias": "IoT_Product_Type",
        "meta": "@IoT_Product_Type",
        "userDefined": true
      }
    ],
    "isTemplate": false,
    "count": 0,
    "updated": 1535367737
  },
  {
    "id": "77f81693-aa66-4cd8-980d-0ec4cb091f7a",
    "data": [
      {
        "text": "smartoffice",
        "alias": "IoT_Product_Type",
        "meta": "@IoT_Product_Type",
        "userDefined": true
      }
    ],
    "isTemplate": false,
    "count": 0,
    "updated": 1535367737
  },
  {
    "id": "f56af1d1-24ce-4458-baf0-c404bde44b75",
    "data": [
      {
        "text": "samrt office",
        "alias": "IoT_Product_Type",
        "meta": "@IoT_Product_Type",
        "userDefined": true
      }
    ],
    "isTemplate": false,
    "count": 1,
    "updated": 1535367737
  },
  {
    "id": "407d049a-40b3-4091-9eb9-e970ec17c070",
    "data": [
      {
        "text": "office",
        "alias": "IoT_Product_Type",
        "meta": "@IoT_Product_Type",
        "userDefined": true
      }
    ],
    "isTemplate": false,
    "count": 0,
    "updated": 1535367737
  }
]