[
  {
    "id": "d1a65cbb-6fee-448b-b743-8b4a4bf40284",
    "data": [
      {
        "text": "it was ",
        "userDefined": false
      },
      {
        "text": "bad",
        "alias": "Rating",
        "meta": "@Rating",
        "userDefined": false
      }
    ],
    "isTemplate": false,
    "count": 0,
    "updated": 1533379056
  },
  {
    "id": "1ac5e84d-c883-4cd6-8f5c-00e454badf10",
    "data": [
      {
        "text": "bad",
        "alias": "Rating",
        "meta": "@Rating",
        "userDefined": false
      }
    ],
    "isTemplate": false,
    "count": 0,
    "updated": 1533379056
  }
]