[
  {
    "id": "581cfa41-58ec-4959-a73e-c2cf10fbcacf",
    "data": [
      {
        "text": "what is ac control?",
        "userDefined": false
      }
    ],
    "isTemplate": false,
    "count": 0,
    "updated": 1535437754
  },
  {
    "id": "1db91d27-2a3b-481d-a9be-c19a56cdedbe",
    "data": [
      {
        "text": "how control ac?",
        "userDefined": false
      }
    ],
    "isTemplate": false,
    "count": 0,
    "updated": 1535437754
  },
  {
    "id": "7b1b301c-5434-42b9-9eed-a24a78910a62",
    "data": [
      {
        "text": "how are you controlling the ac?",
        "userDefined": false
      }
    ],
    "isTemplate": false,
    "count": 0,
    "updated": 1535437754
  },
  {
    "id": "f6c07db8-814d-4297-b1b4-ab0f80d1700d",
    "data": [
      {
        "text": "more",
        "userDefined": false
      }
    ],
    "isTemplate": false,
    "count": 0,
    "updated": 1535437754
  }
]