[
  {
    "id": "f8ce45ed-668a-4a15-b6ab-842198c19629",
    "data": [
      {
        "text": "smart lighting",
        "alias": "IoT_Product_Type",
        "meta": "@IoT_Product_Type",
        "userDefined": false
      },
      {
        "text": " control",
        "userDefined": false
      }
    ],
    "isTemplate": false,
    "count": 0,
    "updated": 1533462733
  },
  {
    "id": "60f2aca5-e22e-4440-a37a-5e2c8597bd2c",
    "data": [
      {
        "text": "control",
        "alias": "IoT_Product_Type",
        "meta": "@IoT_Product_Type",
        "userDefined": true
      }
    ],
    "isTemplate": false,
    "count": 0,
    "updated": 1533462733
  },
  {
    "id": "f5d71a8d-df23-4274-9a6e-85cd3d455127",
    "data": [
      {
        "text": "smart light control",
        "alias": "IoT_Product_Type",
        "meta": "@IoT_Product_Type",
        "userDefined": false
      }
    ],
    "isTemplate": false,
    "count": 0,
    "updated": 1533462733
  },
  {
    "id": "46595bcd-4442-4fdb-ab2f-8ca793423e0f",
    "data": [
      {
        "text": "control light",
        "alias": "IoT_Product_Type",
        "meta": "@IoT_Product_Type",
        "userDefined": true
      }
    ],
    "isTemplate": false,
    "count": 0,
    "updated": 1533462733
  },
  {
    "id": "ebe3fb4e-40ce-4e76-ae9d-7c9de4a05975",
    "data": [
      {
        "text": "smart light",
        "alias": "IoT_Product_Type",
        "meta": "@IoT_Product_Type",
        "userDefined": true
      }
    ],
    "isTemplate": false,
    "count": 0,
    "updated": 1533462733
  },
  {
    "id": "1e340a83-eb3c-4867-8e83-3ae3554f36ec",
    "data": [
      {
        "text": "light",
        "alias": "IoT_Product_Type",
        "meta": "@IoT_Product_Type",
        "userDefined": true
      }
    ],
    "isTemplate": false,
    "count": 0,
    "updated": 1533462733
  },
  {
    "id": "20daf27e-12c1-4dc0-8168-335ec5fa49e4",
    "data": [
      {
        "text": "light control",
        "alias": "IoT_Product_Type",
        "meta": "@IoT_Product_Type",
        "userDefined": false
      }
    ],
    "isTemplate": false,
    "count": 0,
    "updated": 1533462733
  },
  {
    "id": "25949238-3018-4c0d-8df2-070527e9be39",
    "data": [
      {
        "text": "lighting control",
        "alias": "IoT_Product_Type",
        "meta": "@IoT_Product_Type",
        "userDefined": true
      }
    ],
    "isTemplate": false,
    "count": 0,
    "updated": 1533462733
  },
  {
    "id": "c7179cc7-bc3f-40ac-ba26-dd67c4489a31",
    "data": [
      {
        "text": "smart lighting",
        "alias": "IoT_Product_Type",
        "meta": "@IoT_Product_Type",
        "userDefined": false
      }
    ],
    "isTemplate": false,
    "count": 0,
    "updated": 1533462733
  }
]