[
  {
    "id": "69062b2c-6782-4824-b761-1febee0a8870",
    "data": [
      {
        "text": "control tv",
        "userDefined": false
      }
    ],
    "isTemplate": false,
    "count": 0,
    "updated": 1533550630
  },
  {
    "id": "706e1478-7b80-472e-a7d7-f1d9bdba1a51",
    "data": [
      {
        "text": "fire",
        "alias": "IoT_Product_Type",
        "meta": "@IoT_Product_Type",
        "userDefined": false
      },
      {
        "text": " tv",
        "userDefined": false
      }
    ],
    "isTemplate": false,
    "count": 0,
    "updated": 1533550630
  },
  {
    "id": "63895d39-7b27-45c1-a0a3-04172567bc69",
    "data": [
      {
        "text": "firetv",
        "userDefined": false
      }
    ],
    "isTemplate": false,
    "count": 0,
    "updated": 1533550630
  },
  {
    "id": "9061812f-4268-4b22-adbc-e2f090441041",
    "data": [
      {
        "text": "amazon ",
        "userDefined": false
      },
      {
        "text": "fire",
        "alias": "IoT_Product_Type",
        "meta": "@IoT_Product_Type",
        "userDefined": false
      },
      {
        "text": " tv",
        "userDefined": false
      }
    ],
    "isTemplate": false,
    "count": 0,
    "updated": 1533550630
  },
  {
    "id": "80cbcca4-c94d-4ce3-8daf-ce3a785ba7f9",
    "data": [
      {
        "text": "smart tv",
        "alias": "IoT_Product_Type",
        "meta": "@IoT_Product_Type",
        "userDefined": true
      }
    ],
    "isTemplate": false,
    "count": 0,
    "updated": 1533550630
  },
  {
    "id": "e61db902-c94d-46f3-97e3-a38371afdbd7",
    "data": [
      {
        "text": "tv",
        "userDefined": false
      }
    ],
    "isTemplate": false,
    "count": 0,
    "updated": 1533550630
  }
]