[
  {
    "id": "6be35deb-e75f-4994-baeb-e60f43f86350",
    "data": [
      {
        "text": "AC Controller",
        "alias": "IoT_Product_Type",
        "meta": "@IoT_Product_Type",
        "userDefined": true
      }
    ],
    "isTemplate": false,
    "count": 0,
    "updated": 1535437532
  },
  {
    "id": "37bf380c-61f2-4fd9-9ff3-9ac7538a0f58",
    "data": [
      {
        "text": "Smart AC Control",
        "alias": "IoT_Product_Type",
        "meta": "@IoT_Product_Type",
        "userDefined": true
      }
    ],
    "isTemplate": false,
    "count": 0,
    "updated": 1535437113
  }
]