[
  {
    "id": "742493b8-2565-43b3-876d-a9df56b5c3cc",
    "data": [
      {
        "text": "gas sniffer",
        "alias": "IoT_Product_Type",
        "meta": "@IoT_Product_Type",
        "userDefined": false
      }
    ],
    "isTemplate": false,
    "count": 0,
    "updated": 1535365476
  },
  {
    "id": "edba5b5f-69df-45f1-8bb6-ece732014ee5",
    "data": [
      {
        "text": "gus snipiner",
        "alias": "IoT_Product_Type",
        "meta": "@IoT_Product_Type",
        "userDefined": true
      }
    ],
    "isTemplate": false,
    "count": 0,
    "updated": 1535365476
  },
  {
    "id": "bc45854e-4f2e-4c13-87ee-8442dbc66abd",
    "data": [
      {
        "text": "i want ",
        "userDefined": false
      },
      {
        "text": "gas sniffer",
        "alias": "IoT_Product_Type",
        "meta": "@IoT_Product_Type",
        "userDefined": false
      }
    ],
    "isTemplate": false,
    "count": 0,
    "updated": 1535365476
  },
  {
    "id": "f8d17c51-ce7b-4dd7-99fc-04e67ad81740",
    "data": [
      {
        "text": "gas snipper",
        "alias": "IoT_Product_Type",
        "meta": "@IoT_Product_Type",
        "userDefined": false
      }
    ],
    "isTemplate": false,
    "count": 0,
    "updated": 1535365476
  }
]