[
  {
    "id": "0dc993a3-2281-4828-a889-ad89393806ab",
    "data": [
      {
        "text": "dimming light",
        "alias": "IoT_Product_Type",
        "meta": "@IoT_Product_Type",
        "userDefined": true
      }
    ],
    "isTemplate": false,
    "count": 0,
    "updated": 1533463692
  },
  {
    "id": "81fea0bf-28a2-44ab-935a-eefa68cf405f",
    "data": [
      {
        "text": "lifx",
        "alias": "IoT_Product_Type",
        "meta": "@IoT_Product_Type",
        "userDefined": false
      }
    ],
    "isTemplate": false,
    "count": 0,
    "updated": 1533463692
  },
  {
    "id": "9d2b4033-9fb0-4110-85f9-e0dcc4627368",
    "data": [
      {
        "text": "mood setting light",
        "alias": "IoT_Product_Type",
        "meta": "@IoT_Product_Type",
        "userDefined": true
      }
    ],
    "isTemplate": false,
    "count": 0,
    "updated": 1533463692
  },
  {
    "id": "45899d7a-4fdb-4002-91e7-7f5d75141010",
    "data": [
      {
        "text": "color light",
        "alias": "IoT_Product_Type",
        "meta": "@IoT_Product_Type",
        "userDefined": true
      }
    ],
    "isTemplate": false,
    "count": 1,
    "updated": 1533463692
  },
  {
    "id": "a7f05c8a-2a52-48ae-8626-313b1de1c5ad",
    "data": [
      {
        "text": "fancy light",
        "alias": "IoT_Product_Type",
        "meta": "@IoT_Product_Type",
        "userDefined": true
      }
    ],
    "isTemplate": false,
    "count": 0,
    "updated": 1533463692
  },
  {
    "id": "120ce0f8-0e93-4606-88a2-a66103c09deb",
    "data": [
      {
        "text": "color changing automated lights with dimming capabilities",
        "alias": "IoT_Product_Type",
        "meta": "@IoT_Product_Type",
        "userDefined": true
      }
    ],
    "isTemplate": false,
    "count": 0,
    "updated": 1533463692
  },
  {
    "id": "a50fda2d-3c5d-494d-a641-7a146268b920",
    "data": [
      {
        "text": "color changing lights",
        "alias": "IoT_Product_Type",
        "meta": "@IoT_Product_Type",
        "userDefined": true
      }
    ],
    "isTemplate": false,
    "count": 1,
    "updated": 1533463692
  },
  {
    "id": "83d1846c-38e0-4a5c-9f3a-191e9b2b4da1",
    "data": [
      {
        "text": "mood",
        "alias": "IoT_Product_Type",
        "meta": "@IoT_Product_Type",
        "userDefined": true
      }
    ],
    "isTemplate": false,
    "count": 0,
    "updated": 1533463692
  }
]