[
  {
    "id": "53c60475-93cd-4868-8b16-84e7e98aefea",
    "data": [
      {
        "text": "on off light",
        "alias": "IoT_Product_Type",
        "meta": "@IoT_Product_Type",
        "userDefined": true
      }
    ],
    "isTemplate": false,
    "count": 0,
    "updated": 1533546738
  },
  {
    "id": "0a59b387-e8b5-41ab-923e-a106a19113d3",
    "data": [
      {
        "text": "light scheduling",
        "alias": "IoT_Product_Type",
        "meta": "@IoT_Product_Type",
        "userDefined": true
      }
    ],
    "isTemplate": false,
    "count": 0,
    "updated": 1533546738
  },
  {
    "id": "d5dabcdf-7930-4de1-8477-10045ee7fe21",
    "data": [
      {
        "text": "automated light schedule",
        "alias": "IoT_Product_Type",
        "meta": "@IoT_Product_Type",
        "userDefined": true
      }
    ],
    "isTemplate": false,
    "count": 0,
    "updated": 1533546738
  },
  {
    "id": "8069fb4c-0cc5-43fd-b534-b6ae8d05c270",
    "data": [
      {
        "text": "schedule",
        "alias": "IoT_Product_Type",
        "meta": "@IoT_Product_Type",
        "userDefined": true
      }
    ],
    "isTemplate": false,
    "count": 0,
    "updated": 1533546738
  },
  {
    "id": "92379bcf-2d16-4433-9399-968e50e9df4a",
    "data": [
      {
        "text": "schedule lights",
        "alias": "IoT_Product_Type",
        "meta": "@IoT_Product_Type",
        "userDefined": true
      }
    ],
    "isTemplate": false,
    "count": 1,
    "updated": 1533546738
  }
]