[
  {
    "value": "nickname",
    "synonyms": [
      "nickname"
    ]
  },
  {
    "value": "full name",
    "synonyms": [
      "full name"
    ]
  },
  {
    "value": "middle name",
    "synonyms": [
      "middle",
      "middle name"
    ]
  },
  {
    "value": "first name",
    "synonyms": [
      "forename",
      "given",
      "first name",
      "first"
    ]
  },
  {
    "value": "second name",
    "synonyms": [
      "second",
      "second name"
    ]
  },
  {
    "value": "last name",
    "synonyms": [
      "last",
      "family name",
      "surname",
      "last name"
    ]
  }
]