[
  {
    "value": "i want to request a product",
    "synonyms": [
      "i want to request a product"
    ]
  },
  {
    "value": "how to get an",
    "synonyms": [
      "how to get an"
    ]
  },
  {
    "value": "how can i order",
    "synonyms": [
      "how can i order"
    ]
  },
  {
    "value": "order",
    "synonyms": [
      "order"
    ]
  },
  {
    "value": "I want to order a product",
    "synonyms": [
      "I want to order a product"
    ]
  },
  {
    "value": "placing request an order",
    "synonyms": [
      "placing request an order"
    ]
  },
  {
    "value": "can i get a product",
    "synonyms": [
      "can i get a product"
    ]
  },
  {
    "value": "can i get an",
    "synonyms": [
      "can i get an"
    ]
  },
  {
    "value": "place an order",
    "synonyms": [
      "place an order"
    ]
  },
  {
    "value": "how to order an",
    "synonyms": [
      "how to order an"
    ]
  },
  {
    "value": "can i get a",
    "synonyms": [
      "can i get a"
    ]
  },
  {
    "value": "I want to get a product",
    "synonyms": [
      "I want to get a product"
    ]
  }
]