[
  {
    "value": "office",
    "synonyms": [
      "Office",
      "meeting room",
      "meeting schedule",
      "attendance",
      "smart attendance",
      "rfid reader"
    ]
  },
  {
    "value": "track",
    "synonyms": [
      "tracking",
      "gps",
      "kids tracking",
      "hajj tracking",
      "hajj tracker",
      "hajji tracker",
      "track",
      "geo fence",
      "gps tracker",
      "GPRS"
    ]
  },
  {
    "value": "iot product",
    "synonyms": [
      "iot product",
      "home",
      "office",
      "track",
      "survelliance",
      "smart",
      "iot"
    ]
  },
  {
    "value": "survelliance",
    "synonyms": [
      "survelliance",
      "remote observation",
      "ip camera",
      "intrusion detection",
      "monitor",
      "motion detection",
      "motion"
    ]
  },
  {
    "value": "home",
    "synonyms": [
      "Home",
      "kitchen",
      "livingroom",
      "drawingroom",
      "bedroom",
      "bathroom"
    ]
  }
]