[
  {
    "value": "Good",
    "synonyms": [
      "Good"
    ]
  },
  {
    "value": "price was not justified",
    "synonyms": [
      "price was not justified"
    ]
  },
  {
    "value": "Bad",
    "synonyms": [
      "Bad"
    ]
  },
  {
    "value": "price was justified",
    "synonyms": [
      "price was justified"
    ]
  },
  {
    "value": "useful",
    "synonyms": [
      "useful"
    ]
  },
  {
    "value": "unjustified price",
    "synonyms": [
      "unjustified price"
    ]
  }
]