[
  {
    "value": "smart lights",
    "synonyms": [
      "Smart Lights",
      "kitchen light",
      "lifx",
      "livingroom light",
      "living room light",
      "mood changing light",
      "colour changing light",
      "bedroom light",
      "smart light controll",
      "sonof",
      "iot light",
      "bathroom lights",
      "scheduling on off lights",
      "meeting room lights",
      "iot lab lights",
      "light control",
      "smart lighting",
      "smart light control",
      "control lights",
      "control lights",
      "smart lights",
      "lights automatically",
      "kitchen lights",
      "schedule on off of my lights",
      "light"
    ]
  },
  {
    "value": "gas sniffer",
    "synonyms": [
      "gas sniffer",
      "kitchen gadget",
      "fire alarm",
      "fire detector",
      "gas detector",
      "pm detection",
      "voc detection",
      "air quality check",
      "smoke detection",
      "sniff",
      "kitchen",
      "fire",
      "smoke",
      "fire alert",
      "gassniffer",
      "gas snipper",
      "gassnipper",
      "gas snifer",
      "gas sniper",
      "gassnifer",
      "gassinifar",
      "gas sinifar",
      "snifer",
      "gas detect",
      "fire detect"
    ]
  },
  {
    "value": "smart attendance system",
    "synonyms": [
      "Smart Attendance System",
      "RFID reader",
      "rfid attendance system",
      "office attendance",
      "smart office",
      "card punching",
      "employee attendance",
      "office management",
      "attend",
      "clock in",
      "clock out",
      "school attendance",
      "atttendance"
    ]
  },
  {
    "value": "smart remote surveillance",
    "synonyms": [
      "Remote Surveillance",
      "motion detector",
      "motion detection",
      "intrusion detection",
      "ip camera",
      "observe home",
      "observe office",
      "remote observation",
      "human detect",
      "human detection"
    ]
  },
  {
    "value": "GPS tracker",
    "synonyms": [
      "GPS Tracker",
      "kids tracker",
      "gps tracker",
      "tracker pendant",
      "tracking",
      "gps",
      "gprs",
      "geo fence",
      "track",
      "location",
      "track location",
      "where",
      "gps tracking",
      "lattitude",
      "longitude",
      "gps location",
      "kid\u0027s location",
      "hajji location",
      "hajj tracker",
      "car-tracker",
      "car-tracker",
      "car-tracker",
      "car-tracker",
      "car-tracker",
      "car-tracker",
      "car tracker"
    ]
  }
]