[
  {
    "id": "697b6b91-9577-4c56-98dc-36221160e2af",
    "data": [
      {
        "text": "no that\u0027s ok",
        "userDefined": false
      }
    ],
    "isTemplate": false,
    "count": 1,
    "updated": 1535468661
  },
  {
    "id": "a159a4ff-d980-42b6-abb4-43ce9291e5b7",
    "data": [
      {
        "text": "not right now",
        "userDefined": false
      }
    ],
    "isTemplate": false,
    "count": 0,
    "updated": 1535468661
  },
  {
    "id": "5a200cf1-1efa-4a8c-bb9f-050d5f4fe37a",
    "data": [
      {
        "text": "thanks but no",
        "userDefined": false
      }
    ],
    "isTemplate": false,
    "count": 0,
    "updated": 1535468661
  },
  {
    "id": "8815359d-6ce3-4ad3-825a-b04c8c083b9b",
    "data": [
      {
        "text": "not interested",
        "userDefined": false
      }
    ],
    "isTemplate": false,
    "count": 0,
    "updated": 1535468661
  },
  {
    "id": "fd64258c-0f79-4543-9802-4d91a85397cd",
    "data": [
      {
        "text": "no thanks",
        "userDefined": false
      }
    ],
    "isTemplate": false,
    "count": 0,
    "updated": 1535468661
  },
  {
    "id": "3c66e7ea-10a7-419e-8cdd-19d0a2616b7d",
    "data": [
      {
        "text": "no that\u0027s okay",
        "userDefined": false
      }
    ],
    "isTemplate": false,
    "count": 0,
    "updated": 1535468661
  },
  {
    "id": "6aa4cba0-3307-489e-bee3-bf026b3be421",
    "data": [
      {
        "text": "don\u0027t",
        "userDefined": false
      }
    ],
    "isTemplate": false,
    "count": 0,
    "updated": 1535468661
  },
  {
    "id": "06e19625-ba77-40ec-9b8a-41dd50640920",
    "data": [
      {
        "text": "never",
        "userDefined": false
      }
    ],
    "isTemplate": false,
    "count": 0,
    "updated": 1535468661
  },
  {
    "id": "ee67b891-676e-4d7e-adff-8b8c33619200",
    "data": [
      {
        "text": "nah",
        "userDefined": false
      }
    ],
    "isTemplate": false,
    "count": 2,
    "updated": 1535468661
  },
  {
    "id": "1fea394e-f096-4721-9215-83e17a0aebb0",
    "data": [
      {
        "text": "I don\u0027t",
        "userDefined": false
      }
    ],
    "isTemplate": false,
    "count": 0,
    "updated": 1535468661
  },
  {
    "id": "5198478f-7ba4-4200-bae5-96c5b1584351",
    "data": [
      {
        "text": "no it isn\u0027t",
        "userDefined": false
      }
    ],
    "isTemplate": false,
    "count": 1,
    "updated": 1535468661
  },
  {
    "id": "52b7b314-8ec0-4175-b36b-9bd77f62359f",
    "data": [
      {
        "text": "not this time",
        "userDefined": false
      }
    ],
    "isTemplate": false,
    "count": 0,
    "updated": 1535468661
  },
  {
    "id": "25e0c4ea-a394-4a31-addf-fd7be6e0eed6",
    "data": [
      {
        "text": "definitely not",
        "userDefined": false
      }
    ],
    "isTemplate": false,
    "count": 3,
    "updated": 1535468661
  },
  {
    "id": "225f640e-5a0d-4e15-b262-4b0908aa36c6",
    "data": [
      {
        "text": "no that\u0027s fine thank you",
        "userDefined": false
      }
    ],
    "isTemplate": false,
    "count": 0,
    "updated": 1535468661
  },
  {
    "id": "54be651e-f82d-49ae-ae5c-645299cf5eae",
    "data": [
      {
        "text": "no never",
        "userDefined": false
      }
    ],
    "isTemplate": false,
    "count": 0,
    "updated": 1535468661
  },
  {
    "id": "a755c748-94f4-48df-9681-fbdad291587f",
    "data": [
      {
        "text": "nothing",
        "userDefined": false
      }
    ],
    "isTemplate": false,
    "count": 0,
    "updated": 1535468661
  },
  {
    "id": "e77115c9-2451-416a-8f58-ab1e823ae98f",
    "data": [
      {
        "text": "no I cannot",
        "userDefined": false
      }
    ],
    "isTemplate": false,
    "count": 1,
    "updated": 1535468661
  },
  {
    "id": "69ab9235-fcb4-4568-afc6-e094137879d9",
    "data": [
      {
        "text": "nothing else",
        "userDefined": false
      }
    ],
    "isTemplate": false,
    "count": 1,
    "updated": 1535468661
  },
  {
    "id": "12349e37-8f28-45a2-9186-ff5e00cefe06",
    "data": [
      {
        "text": "no maybe next time",
        "userDefined": false
      }
    ],
    "isTemplate": false,
    "count": 0,
    "updated": 1535468661
  },
  {
    "id": "e1f91da5-c7da-49c8-8e5f-dfab2eb2b81b",
    "data": [
      {
        "text": "not really",
        "userDefined": false
      }
    ],
    "isTemplate": false,
    "count": 0,
    "updated": 1535468661
  },
  {
    "id": "9d52b081-b5cd-4b67-bc2a-10589909bef8",
    "data": [
      {
        "text": "not",
        "userDefined": false
      }
    ],
    "isTemplate": false,
    "count": 0,
    "updated": 1535468661
  },
  {
    "id": "433a5230-a074-4a7b-ad0b-9dec066818d7",
    "data": [
      {
        "text": "no that\u0027s be all",
        "userDefined": false
      }
    ],
    "isTemplate": false,
    "count": 0,
    "updated": 1535468661
  },
  {
    "id": "9a36da34-8e9c-4aa9-99ff-0b1ec6facca1",
    "data": [
      {
        "text": "nope not really",
        "userDefined": false
      }
    ],
    "isTemplate": false,
    "count": 0,
    "updated": 1535468661
  },
  {
    "id": "93583709-820d-4116-9eba-8d094ecdfa3c",
    "data": [
      {
        "text": "na",
        "userDefined": false
      }
    ],
    "isTemplate": false,
    "count": 0,
    "updated": 1535468661
  },
  {
    "id": "6404e2e8-7e42-457a-a54c-409167b1cdfa",
    "data": [
      {
        "text": "no we are good",
        "userDefined": false
      }
    ],
    "isTemplate": false,
    "count": 0,
    "updated": 1535468661
  },
  {
    "id": "8a7889b3-a583-4a48-bbc6-e31e63ce32d2",
    "data": [
      {
        "text": "no not really",
        "userDefined": false
      }
    ],
    "isTemplate": false,
    "count": 0,
    "updated": 1535468661
  },
  {
    "id": "43bad989-68c4-4400-ace7-1edad5124ab8",
    "data": [
      {
        "text": "don\u0027t do it",
        "userDefined": false
      }
    ],
    "isTemplate": false,
    "count": 3,
    "updated": 1535468661
  },
  {
    "id": "5cbc93ab-6120-437e-9ee0-5eb9e2fbc062",
    "data": [
      {
        "text": "I don\u0027t want that",
        "userDefined": false
      }
    ],
    "isTemplate": false,
    "count": 0,
    "updated": 1535468661
  },
  {
    "id": "438540c1-fe99-4826-90ba-4502430f294e",
    "data": [
      {
        "text": "nope",
        "userDefined": false
      }
    ],
    "isTemplate": false,
    "count": 1,
    "updated": 1535468661
  },
  {
    "id": "14f545b7-59ed-47cb-a173-74b63a509a0a",
    "data": [
      {
        "text": "I don\u0027t think so",
        "userDefined": false
      }
    ],
    "isTemplate": false,
    "count": 1,
    "updated": 1535468661
  },
  {
    "id": "5d2651ef-780c-4bf8-9756-93374caac57d",
    "data": [
      {
        "text": "thanks but not this time",
        "userDefined": false
      }
    ],
    "isTemplate": false,
    "count": 1,
    "updated": 1535468661
  },
  {
    "id": "a8832988-59ee-4078-9d7d-8849add97573",
    "data": [
      {
        "text": "not ",
        "userDefined": false
      },
      {
        "text": "today",
        "meta": "@sys.ignore",
        "userDefined": false
      }
    ],
    "isTemplate": false,
    "count": 0,
    "updated": 1535468661
  },
  {
    "id": "3f4a27aa-0f2c-4808-a83b-9aad277e11df",
    "data": [
      {
        "text": "I\u0027m not",
        "userDefined": false
      }
    ],
    "isTemplate": false,
    "count": 3,
    "updated": 1535468661
  },
  {
    "id": "7936ffca-4a1c-4570-a46e-e394ba9c58d2",
    "data": [
      {
        "text": "nothing else thanks",
        "userDefined": false
      }
    ],
    "isTemplate": false,
    "count": 0,
    "updated": 1535468661
  },
  {
    "id": "4232197d-8342-41b8-99de-743f4de67d6b",
    "data": [
      {
        "text": "no no don\u0027t",
        "userDefined": false
      }
    ],
    "isTemplate": false,
    "count": 0,
    "updated": 1535468661
  },
  {
    "id": "60e098b8-f911-44c6-b5d6-39ad59ba6d47",
    "data": [
      {
        "text": "I can\u0027t",
        "userDefined": false
      }
    ],
    "isTemplate": false,
    "count": 0,
    "updated": 1535468661
  },
  {
    "id": "233c7b78-fd7d-4640-b55c-84f0b22dac78",
    "data": [
      {
        "text": "I don\u0027t want",
        "userDefined": false
      }
    ],
    "isTemplate": false,
    "count": 0,
    "updated": 1535468661
  },
  {
    "id": "2f9b23cb-7e76-4da0-b32e-e9f19bc83848",
    "data": [
      {
        "text": "nah I\u0027m good",
        "userDefined": false
      }
    ],
    "isTemplate": false,
    "count": 1,
    "updated": 1535468661
  },
  {
    "id": "40ace761-26fa-4001-a7a7-dad1c89a482a",
    "data": [
      {
        "text": "no",
        "userDefined": false
      }
    ],
    "isTemplate": false,
    "count": 2,
    "updated": 1535468661
  },
  {
    "id": "882ceab4-0eff-476f-a116-51c4fbf48589",
    "data": [
      {
        "text": "I disagree",
        "userDefined": false
      }
    ],
    "isTemplate": false,
    "count": 2,
    "updated": 1535468661
  },
  {
    "id": "b1b6ccde-7634-45bd-88b1-9a1317c7c806",
    "data": [
      {
        "text": "no way",
        "userDefined": false
      }
    ],
    "isTemplate": false,
    "count": 0,
    "updated": 1535468661
  },
  {
    "id": "9e40772c-ac84-4bb5-8155-426fff819147",
    "data": [
      {
        "text": "no way no",
        "userDefined": false
      }
    ],
    "isTemplate": false,
    "count": 0,
    "updated": 1535468661
  },
  {
    "id": "6d1c211b-f831-47f0-bfd8-90b0c82b8e62",
    "data": [
      {
        "text": "not at all",
        "userDefined": false
      }
    ],
    "isTemplate": false,
    "count": 0,
    "updated": 1535468661
  },
  {
    "id": "0811c24c-bd3f-47c7-9a57-15fd010725a0",
    "data": [
      {
        "text": "no don\u0027t",
        "userDefined": false
      }
    ],
    "isTemplate": false,
    "count": 0,
    "updated": 1535468661
  }
]