[
  {
    "id": "6f7082a2-e70c-4784-9d1c-5cdc443e3d50",
    "data": [
      {
        "text": "motion detection",
        "alias": "IoT_Product_Type",
        "meta": "@IoT_Product_Type",
        "userDefined": false
      }
    ],
    "isTemplate": false,
    "count": 0,
    "updated": 1535453656
  },
  {
    "id": "99045de7-d92a-4936-b334-8dba51b8447a",
    "data": [
      {
        "text": "motion detector",
        "alias": "IoT_Product_Type",
        "meta": "@IoT_Product_Type",
        "userDefined": false
      }
    ],
    "isTemplate": false,
    "count": 0,
    "updated": 1535453656
  },
  {
    "id": "50e5e68e-e300-44c6-b264-766d2793cc31",
    "data": [
      {
        "text": "moton",
        "userDefined": false
      }
    ],
    "isTemplate": false,
    "count": 0,
    "updated": 1535453656
  },
  {
    "id": "765ee12b-650c-4f7c-bd1e-fd319d0b41e5",
    "data": [
      {
        "text": "motson detection",
        "userDefined": false
      }
    ],
    "isTemplate": false,
    "count": 0,
    "updated": 1535453656
  },
  {
    "id": "95f4e02a-7cab-4dd7-b0d3-5462facc1de4",
    "data": [
      {
        "text": "mosion",
        "userDefined": false
      }
    ],
    "isTemplate": false,
    "count": 0,
    "updated": 1535453656
  },
  {
    "id": "6482f37d-0807-4b42-a164-911f0377be66",
    "data": [
      {
        "text": "moson",
        "userDefined": false
      }
    ],
    "isTemplate": false,
    "count": 0,
    "updated": 1535453656
  },
  {
    "id": "3693b51d-effc-4313-8ecd-0895902b3ac6",
    "data": [
      {
        "text": "motion",
        "alias": "IoT_Product_Type",
        "meta": "@IoT_Product_Type",
        "userDefined": true
      }
    ],
    "isTemplate": false,
    "count": 0,
    "updated": 1535453656
  }
]