[
  {
    "id": "e18f5d13-bf47-49ad-b8b0-b7feb28ac681",
    "data": [
      {
        "text": "moer",
        "userDefined": false
      }
    ],
    "isTemplate": false,
    "count": 0,
    "updated": 1535469520
  },
  {
    "id": "ad00bd34-a0e1-4400-85f0-59866a769d75",
    "data": [
      {
        "text": "more",
        "userDefined": false
      }
    ],
    "isTemplate": false,
    "count": 0,
    "updated": 1535469520
  },
  {
    "id": "ff6b7c83-7609-4d40-801c-d96147c2f465",
    "data": [
      {
        "text": "meor",
        "userDefined": false
      }
    ],
    "isTemplate": false,
    "count": 0,
    "updated": 1535469520
  },
  {
    "id": "168b54f1-a4aa-429d-bddb-619d1626adfe",
    "data": [
      {
        "text": "mor",
        "userDefined": false
      }
    ],
    "isTemplate": false,
    "count": 0,
    "updated": 1535469520
  }
]