[
  {
    "id": "10252ecb-6ba9-4441-b778-8ddfddc032a6",
    "data": [
      {
        "text": "parkin",
        "userDefined": false
      }
    ],
    "isTemplate": false,
    "count": 0,
    "updated": 1535469235
  },
  {
    "id": "39fc258f-a288-4d20-a475-33cb845d960f",
    "data": [
      {
        "text": "cra parking",
        "userDefined": false
      }
    ],
    "isTemplate": false,
    "count": 0,
    "updated": 1535469235
  },
  {
    "id": "c250d2ae-bdcc-4fe4-9c08-26a2d9f1aad4",
    "data": [
      {
        "text": "ssmart perking system",
        "userDefined": false
      }
    ],
    "isTemplate": false,
    "count": 0,
    "updated": 1535469235
  },
  {
    "id": "3404805e-68a8-407a-8338-f1375ad0632f",
    "data": [
      {
        "text": "perk",
        "userDefined": false
      }
    ],
    "isTemplate": false,
    "count": 0,
    "updated": 1535469235
  },
  {
    "id": "92af60c9-dade-4e78-8b80-4765f6090d79",
    "data": [
      {
        "text": "car park",
        "alias": "IoT_Product_Type",
        "meta": "@IoT_Product_Type",
        "userDefined": true
      }
    ],
    "isTemplate": false,
    "count": 0,
    "updated": 1535469235
  },
  {
    "id": "b7bd056f-6911-4b74-8cc1-81438b584b1d",
    "data": [
      {
        "text": "car parking automation",
        "userDefined": false
      }
    ],
    "isTemplate": false,
    "count": 0,
    "updated": 1535469235
  },
  {
    "id": "449aa798-1191-4911-aaea-11eab0e19abf",
    "data": [
      {
        "text": "park",
        "userDefined": false
      }
    ],
    "isTemplate": false,
    "count": 0,
    "updated": 1535469235
  },
  {
    "id": "f697127a-b4e6-4897-bd88-178e536b40ab",
    "data": [
      {
        "text": "Smart parking system",
        "alias": "IoT_Product_Type",
        "meta": "@IoT_Product_Type",
        "userDefined": true
      }
    ],
    "isTemplate": false,
    "count": 0,
    "updated": 1535469235
  },
  {
    "id": "73c582d8-1164-433a-83a4-736bb4bf465a",
    "data": [
      {
        "text": "car parking",
        "userDefined": false
      }
    ],
    "isTemplate": false,
    "count": 0,
    "updated": 1535469235
  },
  {
    "id": "0e005b77-62d4-4662-954a-a880865a28f8",
    "data": [
      {
        "text": "prk",
        "userDefined": false
      }
    ],
    "isTemplate": false,
    "count": 0,
    "updated": 1535469235
  },
  {
    "id": "b8b7fec6-6e39-4875-8416-3722288cd554",
    "data": [
      {
        "text": "cra",
        "userDefined": false
      }
    ],
    "isTemplate": false,
    "count": 0,
    "updated": 1535469235
  },
  {
    "id": "ba57e869-b5a1-44b9-9518-6bd7043d3e90",
    "data": [
      {
        "text": "parking",
        "userDefined": false
      }
    ],
    "isTemplate": false,
    "count": 0,
    "updated": 1535469235
  },
  {
    "id": "5abf116b-b3cf-4f14-aa2d-53cddb71e4b4",
    "data": [
      {
        "text": "samrt parking system",
        "userDefined": false
      }
    ],
    "isTemplate": false,
    "count": 0,
    "updated": 1535469235
  }
]