[
  {
    "id": "7af600f2-74ec-464d-95ac-9ff707ac17ea",
    "data": [
      {
        "text": "home",
        "alias": "Problem",
        "meta": "@Problem",
        "userDefined": false
      }
    ],
    "isTemplate": false,
    "count": 0,
    "updated": 1533457012
  },
  {
    "id": "83bad78a-6a62-4a5a-adc9-be6fd28a4946",
    "data": [
      {
        "text": "smart house",
        "alias": "Problem",
        "meta": "@Problem",
        "userDefined": true
      }
    ],
    "isTemplate": false,
    "count": 0,
    "updated": 1533457012
  },
  {
    "id": "48484211-253b-4b05-a423-036d388f40aa",
    "data": [
      {
        "text": "smart",
        "alias": "Problem",
        "meta": "@Problem",
        "userDefined": false
      },
      {
        "text": " ",
        "userDefined": false
      },
      {
        "text": "home",
        "alias": "Problem",
        "meta": "@Problem",
        "userDefined": false
      }
    ],
    "isTemplate": false,
    "count": 1,
    "updated": 1533457012
  }
]