[
  {
    "id": "9cb18328-fce2-40e7-bcf5-dbb4a36f3e50",
    "data": [
      {
        "text": "thanks but no",
        "userDefined": false
      }
    ],
    "isTemplate": false,
    "count": 0,
    "updated": 1535468661
  },
  {
    "id": "56561604-eb5a-4577-9379-daf620e5f0fc",
    "data": [
      {
        "text": "I disagree",
        "userDefined": false
      }
    ],
    "isTemplate": false,
    "count": 2,
    "updated": 1535468661
  },
  {
    "id": "22211a6e-3cd8-40d8-9e6b-9ba6f5daa9e6",
    "data": [
      {
        "text": "not",
        "userDefined": false
      }
    ],
    "isTemplate": false,
    "count": 0,
    "updated": 1535468661
  },
  {
    "id": "9f0a06e7-9aa9-4893-924c-84c80d4465e8",
    "data": [
      {
        "text": "definitely not",
        "userDefined": false
      }
    ],
    "isTemplate": false,
    "count": 3,
    "updated": 1535468661
  },
  {
    "id": "c63e5502-4b55-4cbe-91d1-b35404529912",
    "data": [
      {
        "text": "not really",
        "userDefined": false
      }
    ],
    "isTemplate": false,
    "count": 0,
    "updated": 1535468661
  },
  {
    "id": "c609226c-e490-4ff2-b405-044670d76fb3",
    "data": [
      {
        "text": "I don\u0027t",
        "userDefined": false
      }
    ],
    "isTemplate": false,
    "count": 0,
    "updated": 1535468661
  },
  {
    "id": "268d5fde-59d9-4930-a9a9-e96523cb43bd",
    "data": [
      {
        "text": "nope",
        "userDefined": false
      }
    ],
    "isTemplate": false,
    "count": 1,
    "updated": 1535468661
  },
  {
    "id": "50decf67-6425-440f-b97f-7b2705214feb",
    "data": [
      {
        "text": "no no don\u0027t",
        "userDefined": false
      }
    ],
    "isTemplate": false,
    "count": 0,
    "updated": 1535468661
  },
  {
    "id": "e2babc07-f317-49f7-b015-29b1a809c693",
    "data": [
      {
        "text": "not ",
        "userDefined": false
      },
      {
        "text": "today",
        "meta": "@sys.ignore",
        "userDefined": false
      }
    ],
    "isTemplate": false,
    "count": 0,
    "updated": 1535468661
  },
  {
    "id": "8c70b88e-36b9-4667-a0e6-45f961343a06",
    "data": [
      {
        "text": "I don\u0027t think so",
        "userDefined": false
      }
    ],
    "isTemplate": false,
    "count": 1,
    "updated": 1535468661
  },
  {
    "id": "accf403b-6c7e-4312-bb9d-0cf1b1f11764",
    "data": [
      {
        "text": "no that\u0027s fine thank you",
        "userDefined": false
      }
    ],
    "isTemplate": false,
    "count": 0,
    "updated": 1535468661
  },
  {
    "id": "6c76555b-a831-4096-8f31-55c6c64031b1",
    "data": [
      {
        "text": "no we are good",
        "userDefined": false
      }
    ],
    "isTemplate": false,
    "count": 0,
    "updated": 1535468661
  },
  {
    "id": "d12942a8-2156-4318-9f0e-0f680e4543df",
    "data": [
      {
        "text": "not right now",
        "userDefined": false
      }
    ],
    "isTemplate": false,
    "count": 0,
    "updated": 1535468661
  },
  {
    "id": "e3508354-382e-46d8-b48d-f1b8930f6edd",
    "data": [
      {
        "text": "don\u0027t",
        "userDefined": false
      }
    ],
    "isTemplate": false,
    "count": 0,
    "updated": 1535468661
  },
  {
    "id": "b1f208f6-6376-4c7c-bb2e-49a20766a67e",
    "data": [
      {
        "text": "nope not really",
        "userDefined": false
      }
    ],
    "isTemplate": false,
    "count": 0,
    "updated": 1535468661
  },
  {
    "id": "220e46b1-5b6d-4642-acc3-50928e9975b4",
    "data": [
      {
        "text": "no it isn\u0027t",
        "userDefined": false
      }
    ],
    "isTemplate": false,
    "count": 1,
    "updated": 1535468661
  },
  {
    "id": "858a00bd-d83f-4dcd-8ccb-c5e9201e5dff",
    "data": [
      {
        "text": "nah",
        "userDefined": false
      }
    ],
    "isTemplate": false,
    "count": 2,
    "updated": 1535468661
  },
  {
    "id": "a7081a36-2757-4ce5-82e1-075b8c66f95c",
    "data": [
      {
        "text": "nah I\u0027m good",
        "userDefined": false
      }
    ],
    "isTemplate": false,
    "count": 1,
    "updated": 1535468661
  },
  {
    "id": "2e358511-e9e8-44ea-80d0-457b2ac45de9",
    "data": [
      {
        "text": "nothing else",
        "userDefined": false
      }
    ],
    "isTemplate": false,
    "count": 1,
    "updated": 1535468661
  },
  {
    "id": "193652df-493f-4258-b398-da3f03c0137b",
    "data": [
      {
        "text": "no I cannot",
        "userDefined": false
      }
    ],
    "isTemplate": false,
    "count": 1,
    "updated": 1535468661
  },
  {
    "id": "fc8bff87-addc-4235-be75-790e88aea465",
    "data": [
      {
        "text": "no that\u0027s be all",
        "userDefined": false
      }
    ],
    "isTemplate": false,
    "count": 0,
    "updated": 1535468661
  },
  {
    "id": "4e6f7c43-f575-49b9-919b-f23f34335d17",
    "data": [
      {
        "text": "not interested",
        "userDefined": false
      }
    ],
    "isTemplate": false,
    "count": 0,
    "updated": 1535468661
  },
  {
    "id": "a897246b-4f03-4946-9723-b1d939eef776",
    "data": [
      {
        "text": "nothing",
        "userDefined": false
      }
    ],
    "isTemplate": false,
    "count": 0,
    "updated": 1535468661
  },
  {
    "id": "a665e3ea-718a-4b27-a48d-7843b8aa1e84",
    "data": [
      {
        "text": "no don\u0027t",
        "userDefined": false
      }
    ],
    "isTemplate": false,
    "count": 0,
    "updated": 1535468661
  },
  {
    "id": "daf8c623-93ea-44fb-998c-ba7f141bf808",
    "data": [
      {
        "text": "no maybe next time",
        "userDefined": false
      }
    ],
    "isTemplate": false,
    "count": 0,
    "updated": 1535468661
  },
  {
    "id": "65d3c697-86bd-4ab1-a7b3-51b04b751c51",
    "data": [
      {
        "text": "na",
        "userDefined": false
      }
    ],
    "isTemplate": false,
    "count": 0,
    "updated": 1535468661
  },
  {
    "id": "81dbe530-d582-4e5f-9013-d5ff3387aec2",
    "data": [
      {
        "text": "no thanks",
        "userDefined": false
      }
    ],
    "isTemplate": false,
    "count": 0,
    "updated": 1535468661
  },
  {
    "id": "27cd0f45-7139-4eef-9f3c-a0ddbaec91de",
    "data": [
      {
        "text": "no never",
        "userDefined": false
      }
    ],
    "isTemplate": false,
    "count": 0,
    "updated": 1535468661
  },
  {
    "id": "3705280e-218f-4f96-b152-925b0f1f930c",
    "data": [
      {
        "text": "no that\u0027s okay",
        "userDefined": false
      }
    ],
    "isTemplate": false,
    "count": 0,
    "updated": 1535468661
  },
  {
    "id": "80bac4b6-d5e3-4e43-a3ab-8eb8769553a3",
    "data": [
      {
        "text": "no",
        "userDefined": false
      }
    ],
    "isTemplate": false,
    "count": 2,
    "updated": 1535468661
  },
  {
    "id": "b0456630-a2df-4a70-8fdd-ccae7f72a296",
    "data": [
      {
        "text": "nothing else thanks",
        "userDefined": false
      }
    ],
    "isTemplate": false,
    "count": 0,
    "updated": 1535468661
  },
  {
    "id": "45c60142-9560-484d-b96a-d589b0fd3c12",
    "data": [
      {
        "text": "never",
        "userDefined": false
      }
    ],
    "isTemplate": false,
    "count": 0,
    "updated": 1535468661
  },
  {
    "id": "1b74c317-08c8-42f3-8370-16c9cef38488",
    "data": [
      {
        "text": "I don\u0027t want that",
        "userDefined": false
      }
    ],
    "isTemplate": false,
    "count": 0,
    "updated": 1535468661
  },
  {
    "id": "6fa150e2-0932-4194-87c0-b52f91872b68",
    "data": [
      {
        "text": "no not really",
        "userDefined": false
      }
    ],
    "isTemplate": false,
    "count": 0,
    "updated": 1535468661
  },
  {
    "id": "27cb44d9-b3e6-40d4-8312-6bc2f515c82d",
    "data": [
      {
        "text": "no way no",
        "userDefined": false
      }
    ],
    "isTemplate": false,
    "count": 0,
    "updated": 1535468661
  },
  {
    "id": "5cc9a5f3-562a-4a0e-a810-2db231898ae7",
    "data": [
      {
        "text": "not at all",
        "userDefined": false
      }
    ],
    "isTemplate": false,
    "count": 0,
    "updated": 1535468661
  },
  {
    "id": "e025cc60-5252-487c-ad2d-1ad3b7454e15",
    "data": [
      {
        "text": "I can\u0027t",
        "userDefined": false
      }
    ],
    "isTemplate": false,
    "count": 0,
    "updated": 1535468661
  },
  {
    "id": "ed301202-168e-479d-a38a-939fe0ede498",
    "data": [
      {
        "text": "don\u0027t do it",
        "userDefined": false
      }
    ],
    "isTemplate": false,
    "count": 3,
    "updated": 1535468661
  },
  {
    "id": "2ab28b06-0310-41cf-8980-58ca9897404f",
    "data": [
      {
        "text": "thanks but not this time",
        "userDefined": false
      }
    ],
    "isTemplate": false,
    "count": 1,
    "updated": 1535468661
  },
  {
    "id": "216d20e6-87b4-45ca-aea4-a045317345aa",
    "data": [
      {
        "text": "I don\u0027t want",
        "userDefined": false
      }
    ],
    "isTemplate": false,
    "count": 0,
    "updated": 1535468661
  },
  {
    "id": "f8d0c229-5be8-47d8-89f2-9eb9101cbfca",
    "data": [
      {
        "text": "I\u0027m not",
        "userDefined": false
      }
    ],
    "isTemplate": false,
    "count": 3,
    "updated": 1535468661
  },
  {
    "id": "5a17b75f-2fc1-4505-8896-dcde28d369a7",
    "data": [
      {
        "text": "no way",
        "userDefined": false
      }
    ],
    "isTemplate": false,
    "count": 0,
    "updated": 1535468661
  },
  {
    "id": "9ae57bd2-1478-4236-95a3-05751e769719",
    "data": [
      {
        "text": "not this time",
        "userDefined": false
      }
    ],
    "isTemplate": false,
    "count": 0,
    "updated": 1535468661
  },
  {
    "id": "95eaa9d3-aa57-4db4-be23-0e304946379a",
    "data": [
      {
        "text": "no that\u0027s ok",
        "userDefined": false
      }
    ],
    "isTemplate": false,
    "count": 1,
    "updated": 1535468661
  }
]