[
  {
    "id": "00caf367-9402-4559-b8cf-bb773bb43ad9",
    "data": [
      {
        "text": "attendance system",
        "alias": "IoT_Product_Type",
        "meta": "@IoT_Product_Type",
        "userDefined": true
      }
    ],
    "isTemplate": false,
    "count": 1,
    "updated": 1535440157
  },
  {
    "id": "e02fc562-ac0b-47cb-9685-54345b9eafd7",
    "data": [
      {
        "text": "scool attendence",
        "alias": "IoT_Product_Type",
        "meta": "@IoT_Product_Type",
        "userDefined": true
      }
    ],
    "isTemplate": false,
    "count": 0,
    "updated": 1535453164
  },
  {
    "id": "5783c6c1-f62f-4ff3-a341-daa423a3a0e9",
    "data": [
      {
        "text": "employee attendance",
        "alias": "IoT_Product_Type",
        "meta": "@IoT_Product_Type",
        "userDefined": false
      }
    ],
    "isTemplate": false,
    "count": 0,
    "updated": 1535440570
  },
  {
    "id": "d22a7879-c32b-47ac-8a97-10052d9576c0",
    "data": [
      {
        "text": "shcool attendance",
        "alias": "IoT_Product_Type",
        "meta": "@IoT_Product_Type",
        "userDefined": true
      }
    ],
    "isTemplate": false,
    "count": 0,
    "updated": 1535453164
  },
  {
    "id": "2c51268a-306f-4cd8-a51e-df264c3e40b8",
    "data": [
      {
        "text": "atandance",
        "userDefined": false
      }
    ],
    "isTemplate": false,
    "count": 0,
    "updated": 1535440157
  },
  {
    "id": "bf87d7ad-16eb-4a05-9b42-3f7a38d8d205",
    "data": [
      {
        "text": "attendans",
        "alias": "IoT_Product_Type",
        "meta": "@IoT_Product_Type",
        "userDefined": true
      }
    ],
    "isTemplate": false,
    "count": 0,
    "updated": 1535453164
  },
  {
    "id": "1c093d6a-12ee-4d1a-a3c7-bbc9974fc996",
    "data": [
      {
        "text": "Smart attendance system",
        "alias": "IoT_Product_Type",
        "meta": "@IoT_Product_Type",
        "userDefined": false
      }
    ],
    "isTemplate": false,
    "count": 0,
    "updated": 1535440157
  },
  {
    "id": "e31345a7-640b-40ac-a8c9-cb9928bcc1ad",
    "data": [
      {
        "text": "atendense",
        "userDefined": false
      }
    ],
    "isTemplate": false,
    "count": 0,
    "updated": 1535440157
  },
  {
    "id": "20ce5b1b-df73-49de-bd88-a6eb5eeb918d",
    "data": [
      {
        "text": "clock out",
        "alias": "IoT_Product_Type",
        "meta": "@IoT_Product_Type",
        "userDefined": false
      }
    ],
    "isTemplate": false,
    "count": 0,
    "updated": 1535440570
  },
  {
    "id": "a09dc3a0-deb6-4bfb-b26c-dc16254111f1",
    "data": [
      {
        "text": "school",
        "alias": "IoT_Product_Type",
        "meta": "@IoT_Product_Type",
        "userDefined": true
      }
    ],
    "isTemplate": false,
    "count": 0,
    "updated": 1535453164
  },
  {
    "id": "eef1013d-30aa-4795-8d55-e647b8abd68f",
    "data": [
      {
        "text": "rfid attendance system",
        "alias": "IoT_Product_Type",
        "meta": "@IoT_Product_Type",
        "userDefined": false
      }
    ],
    "isTemplate": false,
    "count": 0,
    "updated": 1535440570
  },
  {
    "id": "1eee2e0d-32e1-4e74-833a-eaaa7c8a6892",
    "data": [
      {
        "text": "office attendance",
        "alias": "IoT_Product_Type",
        "meta": "@IoT_Product_Type",
        "userDefined": true
      }
    ],
    "isTemplate": false,
    "count": 0,
    "updated": 1535440570
  },
  {
    "id": "f1e5f8f0-d729-468b-8462-4ec31a8b746a",
    "data": [
      {
        "text": "scool attendance",
        "alias": "IoT_Product_Type",
        "meta": "@IoT_Product_Type",
        "userDefined": true
      }
    ],
    "isTemplate": false,
    "count": 0,
    "updated": 1535453164
  },
  {
    "id": "4cd0b0fb-7ab7-4de3-924c-69f439f3611c",
    "data": [
      {
        "text": "office management",
        "alias": "IoT_Product_Type",
        "meta": "@IoT_Product_Type",
        "userDefined": false
      }
    ],
    "isTemplate": false,
    "count": 0,
    "updated": 1535440570
  },
  {
    "id": "7d7b1a2a-9b2f-441c-a257-bcc1bd290bcb",
    "data": [
      {
        "text": "school attendance",
        "alias": "IoT_Product_Type",
        "meta": "@IoT_Product_Type",
        "userDefined": false
      }
    ],
    "isTemplate": false,
    "count": 0,
    "updated": 1535440570
  },
  {
    "id": "b917f4d9-0c0c-4ae1-b8b4-4ca219f67f8f",
    "data": [
      {
        "text": "atandanse",
        "userDefined": false
      }
    ],
    "isTemplate": false,
    "count": 0,
    "updated": 1535440157
  },
  {
    "id": "e1f30b34-cbac-49c9-9591-6d4cab7d0be5",
    "data": [
      {
        "text": "atttendance",
        "alias": "IoT_Product_Type",
        "meta": "@IoT_Product_Type",
        "userDefined": false
      }
    ],
    "isTemplate": false,
    "count": 1,
    "updated": 1535440570
  },
  {
    "id": "eb5e0d4c-8479-44b1-8ee8-b90999de7f2b",
    "data": [
      {
        "text": "clock in",
        "alias": "IoT_Product_Type",
        "meta": "@IoT_Product_Type",
        "userDefined": false
      }
    ],
    "isTemplate": false,
    "count": 0,
    "updated": 1535440570
  },
  {
    "id": "b8b320be-c106-4820-a003-c6e00a1280e5",
    "data": [
      {
        "text": "attend",
        "alias": "IoT_Product_Type",
        "meta": "@IoT_Product_Type",
        "userDefined": false
      }
    ],
    "isTemplate": false,
    "count": 0,
    "updated": 1535440570
  },
  {
    "id": "efaf4048-acad-41a0-b67b-8a17763c70a4",
    "data": [
      {
        "text": "card punching",
        "alias": "IoT_Product_Type",
        "meta": "@IoT_Product_Type",
        "userDefined": false
      }
    ],
    "isTemplate": false,
    "count": 0,
    "updated": 1535440570
  },
  {
    "id": "087c4691-4bd2-4141-a80b-37b74055ab13",
    "data": [
      {
        "text": "atendence",
        "userDefined": false
      }
    ],
    "isTemplate": false,
    "count": 0,
    "updated": 1535440157
  },
  {
    "id": "1bb64a72-e79e-4900-8bc2-3795805893a5",
    "data": [
      {
        "text": "RFID reader",
        "alias": "IoT_Product_Type",
        "meta": "@IoT_Product_Type",
        "userDefined": true
      }
    ],
    "isTemplate": false,
    "count": 0,
    "updated": 1535440570
  },
  {
    "id": "290efa0b-6eee-4377-bd59-615041ff8f02",
    "data": [
      {
        "text": "attendence",
        "userDefined": false
      }
    ],
    "isTemplate": false,
    "count": 0,
    "updated": 1535440157
  },
  {
    "id": "d4767536-014f-40ce-84bd-6889e2a60b14",
    "data": [
      {
        "text": "attendance",
        "alias": "IoT_Product_Type",
        "meta": "@IoT_Product_Type",
        "userDefined": false
      }
    ],
    "isTemplate": false,
    "count": 0,
    "updated": 1535440157
  }
]