[
  {
    "id": "4774fc61-41a1-4baa-9160-ea61313481f0",
    "data": [
      {
        "text": "survelliance",
        "alias": "IoT_Product_Type",
        "meta": "@IoT_Product_Type",
        "userDefined": false
      }
    ],
    "isTemplate": false,
    "count": 1,
    "updated": 1535366294
  },
  {
    "id": "9d98da9d-6ced-40bb-a66b-c5b18ab1d647",
    "data": [
      {
        "text": "ip camera",
        "alias": "IoT_Product_Type",
        "meta": "@IoT_Product_Type",
        "userDefined": false
      }
    ],
    "isTemplate": false,
    "count": 0,
    "updated": 1535366294
  },
  {
    "id": "a7637a06-1ebd-4484-93f8-9839aace0037",
    "data": [
      {
        "text": "cemera",
        "alias": "IoT_Product_Type",
        "meta": "@IoT_Product_Type",
        "userDefined": true
      }
    ],
    "isTemplate": false,
    "count": 0,
    "updated": 1535366294
  },
  {
    "id": "dbc85aa1-bec3-4de1-b9bb-6ee1569805a6",
    "data": [
      {
        "text": "camera",
        "alias": "IoT_Product_Type",
        "meta": "@IoT_Product_Type",
        "userDefined": true
      }
    ],
    "isTemplate": false,
    "count": 0,
    "updated": 1535366294
  },
  {
    "id": "2f7b76d4-8644-4fc1-aeb9-feac42ccfab1",
    "data": [
      {
        "text": "Remote Surveillance",
        "alias": "IoT_Product_Type",
        "meta": "@IoT_Product_Type",
        "userDefined": false
      }
    ],
    "isTemplate": false,
    "count": 0,
    "updated": 1535434374
  },
  {
    "id": "1344703c-cbbf-48d1-873b-b5eaa88856af",
    "data": [
      {
        "text": "Surveillance system",
        "alias": "IoT_Product_Type",
        "meta": "@IoT_Product_Type",
        "userDefined": true
      }
    ],
    "isTemplate": false,
    "count": 0,
    "updated": 1535434374
  }
]