[
  {
    "id": "413539ce-e03e-4847-8bf7-86467519b720",
    "data": [
      {
        "text": "show ",
        "userDefined": false
      },
      {
        "text": "order",
        "alias": "order",
        "meta": "@order",
        "userDefined": false
      }
    ],
    "isTemplate": false,
    "count": 0,
    "updated": 1534403387
  },
  {
    "id": "ce07ea2e-8c48-4ba5-9f07-377cde98ec37",
    "data": [
      {
        "text": "order",
        "meta": "@sys.ignore",
        "userDefined": false
      },
      {
        "text": " details",
        "userDefined": false
      }
    ],
    "isTemplate": false,
    "count": 0,
    "updated": 1534229732
  },
  {
    "id": "e8d20b75-bfb2-4bd7-bb9a-ecd944cf06b2",
    "data": [
      {
        "text": "how many products i ordered?",
        "userDefined": false
      }
    ],
    "isTemplate": false,
    "count": 0,
    "updated": 1534229732
  },
  {
    "id": "5cf1d22b-c2c7-4962-8603-113635c8a66b",
    "data": [
      {
        "text": "what are my orders?",
        "userDefined": false
      }
    ],
    "isTemplate": false,
    "count": 0,
    "updated": 1534229732
  },
  {
    "id": "f0207051-3717-4eb4-9524-fe5672a4a3d9",
    "data": [
      {
        "text": "show cart",
        "userDefined": false
      }
    ],
    "isTemplate": false,
    "count": 1,
    "updated": 1534229625
  },
  {
    "id": "e0ce1cbf-cc2e-4249-bf71-7ab705f7469b",
    "data": [
      {
        "text": "show shopping cart",
        "userDefined": false
      }
    ],
    "isTemplate": false,
    "count": 0,
    "updated": 1534229625
  },
  {
    "id": "a6594512-d477-4950-a890-edf83c2cbd95",
    "data": [
      {
        "text": "order",
        "meta": "@sys.ignore",
        "userDefined": false
      },
      {
        "text": " list",
        "userDefined": false
      }
    ],
    "isTemplate": false,
    "count": 0,
    "updated": 1534229625
  },
  {
    "id": "81825489-2341-4b11-a461-4c1d34131680",
    "data": [
      {
        "text": "placed ",
        "userDefined": false
      },
      {
        "text": "order",
        "meta": "@sys.ignore",
        "userDefined": false
      }
    ],
    "isTemplate": false,
    "count": 0,
    "updated": 1534229625
  },
  {
    "id": "7322de4c-d4a5-437b-a6ec-8c4d80515d67",
    "data": [
      {
        "text": "shopping cart",
        "userDefined": false
      }
    ],
    "isTemplate": false,
    "count": 0,
    "updated": 1534229625
  },
  {
    "id": "96a52bcd-13fd-4956-aa8b-c6e2d267db83",
    "data": [
      {
        "text": "show my orders",
        "userDefined": false
      }
    ],
    "isTemplate": false,
    "count": 1,
    "updated": 1534229625
  },
  {
    "id": "2cba6dbc-4e85-42e6-b4dc-8844d7a6af93",
    "data": [
      {
        "text": "show me what i have ordered",
        "userDefined": false
      }
    ],
    "isTemplate": false,
    "count": 0,
    "updated": 1534229625
  }
]