[
  {
    "id": "568bea56-6b83-47ab-aabc-14745054ca32",
    "data": [
      {
        "text": "nimi tracer",
        "alias": "IoT_Product_Type",
        "meta": "@IoT_Product_Type",
        "userDefined": true
      }
    ],
    "isTemplate": false,
    "count": 0,
    "updated": 1535523687
  },
  {
    "id": "17d29a4a-6250-4a4b-ab4f-93a72a16ccdf",
    "data": [
      {
        "text": "mini tracer",
        "alias": "IoT_Product_Type",
        "meta": "@IoT_Product_Type",
        "userDefined": true
      }
    ],
    "isTemplate": false,
    "count": 0,
    "updated": 1535523687
  },
  {
    "id": "4b950d16-c2b5-4a61-8957-e85f0b5569ea",
    "data": [
      {
        "text": "mini trakar",
        "alias": "IoT_Product_Type",
        "meta": "@IoT_Product_Type",
        "userDefined": true
      }
    ],
    "isTemplate": false,
    "count": 1,
    "updated": 1535523687
  },
  {
    "id": "12589e20-88fc-4d97-9c91-f5e7e2e611c7",
    "data": [
      {
        "text": "nimi tracker",
        "alias": "IoT_Product_Type",
        "meta": "@IoT_Product_Type",
        "userDefined": true
      }
    ],
    "isTemplate": false,
    "count": 0,
    "updated": 1535523687
  },
  {
    "id": "006a7611-01c1-4a25-92c1-0b188f4b8341",
    "data": [
      {
        "text": "mini trekar",
        "alias": "IoT_Product_Type",
        "meta": "@IoT_Product_Type",
        "userDefined": true
      }
    ],
    "isTemplate": false,
    "count": 1,
    "updated": 1535523687
  },
  {
    "id": "13ccd940-62d3-438a-b0d2-84d6d6d35773",
    "data": [
      {
        "text": "mini tracker",
        "alias": "IoT_Product_Type",
        "meta": "@IoT_Product_Type",
        "userDefined": true
      }
    ],
    "isTemplate": false,
    "count": 0,
    "updated": 1535523687
  },
  {
    "id": "b0234f0c-d337-4876-a8c4-42e29d7fbc9b",
    "data": [
      {
        "text": "mni",
        "alias": "IoT_Product_Type",
        "meta": "@IoT_Product_Type",
        "userDefined": true
      }
    ],
    "isTemplate": false,
    "count": 0,
    "updated": 1535523687
  },
  {
    "id": "2e9b6eb2-9d79-4a43-b0f5-7481b3315669",
    "data": [
      {
        "text": "mini",
        "alias": "IoT_Product_Type",
        "meta": "@IoT_Product_Type",
        "userDefined": true
      }
    ],
    "isTemplate": false,
    "count": 0,
    "updated": 1535523687
  },
  {
    "id": "21aff4d8-458c-4dd2-9725-00b430945eff",
    "data": [
      {
        "text": " ",
        "userDefined": false
      },
      {
        "text": "mini-tracker",
        "alias": "IoT_Product_Type",
        "meta": "@IoT_Product_Type",
        "userDefined": true
      }
    ],
    "isTemplate": false,
    "count": 0,
    "updated": 1535523687
  }
]