[
  {
    "id": "2d4bef10-2bb9-4886-a6f1-306167ca90d3",
    "data": [
      {
        "text": "stdnt trek",
        "userDefined": false
      }
    ],
    "isTemplate": false,
    "count": 0,
    "updated": 1535537469
  },
  {
    "id": "a4a85cd1-baf7-4f22-bdc3-44bfa40e5b83",
    "data": [
      {
        "text": "student trek",
        "userDefined": false
      }
    ],
    "isTemplate": false,
    "count": 0,
    "updated": 1535537469
  },
  {
    "id": "d95c1eba-28e6-4959-839a-79910738086e",
    "data": [
      {
        "text": "stdnt trak",
        "userDefined": false
      }
    ],
    "isTemplate": false,
    "count": 0,
    "updated": 1535537469
  },
  {
    "id": "6087ea28-1a49-4cca-ae79-82c56453a6b8",
    "data": [
      {
        "text": "student ",
        "userDefined": false
      },
      {
        "text": "track",
        "alias": "IoT_Product_Type",
        "meta": "@IoT_Product_Type",
        "userDefined": false
      }
    ],
    "isTemplate": false,
    "count": 0,
    "updated": 1535537469
  },
  {
    "id": "d7092862-dba8-43e7-be56-f3b284105d69",
    "data": [
      {
        "text": "child trak",
        "userDefined": false
      }
    ],
    "isTemplate": false,
    "count": 0,
    "updated": 1535537469
  },
  {
    "id": "9bed484a-a5d1-4c9e-877a-525fe0c04682",
    "data": [
      {
        "text": "child ",
        "userDefined": false
      },
      {
        "text": "tracking",
        "alias": "IoT_Product_Type",
        "meta": "@IoT_Product_Type",
        "userDefined": false
      }
    ],
    "isTemplate": false,
    "count": 0,
    "updated": 1535537469
  },
  {
    "id": "4afb6af1-ee3d-4b14-a54c-e21aa07d13a5",
    "data": [
      {
        "text": "kid trak",
        "userDefined": false
      }
    ],
    "isTemplate": false,
    "count": 1,
    "updated": 1535537469
  },
  {
    "id": "e3eac211-85c4-40ca-bacf-e661dd7a4b28",
    "data": [
      {
        "text": "kid tracking",
        "alias": "IoT_Product_Type",
        "meta": "@IoT_Product_Type",
        "userDefined": false
      }
    ],
    "isTemplate": false,
    "count": 0,
    "updated": 1535537469
  },
  {
    "id": "865c04f7-7ada-4455-9d5b-76c7dc40b4c7",
    "data": [
      {
        "text": "kd",
        "userDefined": false
      }
    ],
    "isTemplate": false,
    "count": 0,
    "updated": 1535537469
  },
  {
    "id": "09ef1ebd-3fa0-4cc3-aabd-021affc86ae4",
    "data": [
      {
        "text": "kdi",
        "userDefined": false
      }
    ],
    "isTemplate": false,
    "count": 0,
    "updated": 1535537469
  },
  {
    "id": "6578fc52-0c33-4e25-94dc-1b134dbab948",
    "data": [
      {
        "text": "kid",
        "userDefined": false
      }
    ],
    "isTemplate": false,
    "count": 0,
    "updated": 1535537469
  },
  {
    "id": "3dcb55a1-071f-4257-8356-10fb8919b4bb",
    "data": [
      {
        "text": "kids tracker",
        "alias": "IoT_Product_Type",
        "meta": "@IoT_Product_Type",
        "userDefined": false
      }
    ],
    "isTemplate": false,
    "count": 0,
    "updated": 1535537469
  }
]