[
  {
    "id": "ca9e811d-ea19-4edb-8549-165cc47dfb74",
    "data": [
      {
        "text": "odar prodact",
        "userDefined": false
      }
    ],
    "isTemplate": false,
    "count": 0,
    "updated": 1535520884
  },
  {
    "id": "d8860a29-298b-4dc8-bf52-0d730b6a95ec",
    "data": [
      {
        "text": "products",
        "alias": "othersProducts",
        "meta": "@othersProducts",
        "userDefined": false
      }
    ],
    "isTemplate": false,
    "count": 0,
    "updated": 1535520664
  },
  {
    "id": "a4e023cf-7e96-4b45-b6ef-8bbac206d0f0",
    "data": [
      {
        "text": "other products",
        "alias": "othersProducts",
        "meta": "@othersProducts",
        "userDefined": false
      }
    ],
    "isTemplate": false,
    "count": 0,
    "updated": 1535520664
  },
  {
    "id": "b36250fb-6b2e-4d94-935c-2b3694e77b59",
    "data": [
      {
        "text": "other",
        "alias": "othersProducts",
        "meta": "@othersProducts",
        "userDefined": false
      }
    ],
    "isTemplate": false,
    "count": 0,
    "updated": 1535520664
  }
]