[
  {
    "id": "44b74fb8-f7b6-4b87-ae4a-34da9f6cd208",
    "data": [
      {
        "text": "trekar",
        "alias": "IoT_Product_Type",
        "meta": "@IoT_Product_Type",
        "userDefined": true
      }
    ],
    "isTemplate": false,
    "count": 0,
    "updated": 1535522462
  },
  {
    "id": "d63b14eb-a57b-4b0b-af39-0ac56e3a8bc9",
    "data": [
      {
        "text": "tracer",
        "alias": "IoT_Product_Type",
        "meta": "@IoT_Product_Type",
        "userDefined": true
      }
    ],
    "isTemplate": false,
    "count": 0,
    "updated": 1535522462
  },
  {
    "id": "bbf10f1c-b8d7-4b69-871a-e27ee4e469cb",
    "data": [
      {
        "text": "terakar",
        "alias": "IoT_Product_Type",
        "meta": "@IoT_Product_Type",
        "userDefined": true
      }
    ],
    "isTemplate": false,
    "count": 0,
    "updated": 1535522462
  },
  {
    "id": "00ebf7fc-3734-403c-92e5-48f5d486400b",
    "data": [
      {
        "text": "trakar",
        "alias": "IoT_Product_Type",
        "meta": "@IoT_Product_Type",
        "userDefined": true
      }
    ],
    "isTemplate": false,
    "count": 1,
    "updated": 1535522462
  },
  {
    "id": "81b01e9d-533e-4613-9dcc-90528cd33cac",
    "data": [
      {
        "text": "taker",
        "alias": "IoT_Product_Type",
        "meta": "@IoT_Product_Type",
        "userDefined": true
      }
    ],
    "isTemplate": false,
    "count": 0,
    "updated": 1535522462
  },
  {
    "id": "9c999b6c-fdeb-4320-895f-684b20902686",
    "data": [
      {
        "text": "trackers",
        "alias": "IoT_Product_Type",
        "meta": "@IoT_Product_Type",
        "userDefined": true
      }
    ],
    "isTemplate": false,
    "count": 0,
    "updated": 1535522462
  }
]