[
  {
    "id": "21d90c42-79af-4c0c-a35f-2267d7494adc",
    "data": [
      {
        "text": "car ",
        "userDefined": false
      },
      {
        "text": "gps tracker",
        "alias": "IoT_Product_Type",
        "meta": "@IoT_Product_Type",
        "userDefined": false
      }
    ],
    "isTemplate": false,
    "count": 0,
    "updated": 1535528481
  },
  {
    "id": "039951aa-d252-483c-afc8-f4d62395e820",
    "data": [
      {
        "text": "car trakar",
        "alias": "IoT_Product_Type",
        "meta": "@IoT_Product_Type",
        "userDefined": true
      }
    ],
    "isTemplate": false,
    "count": 0,
    "updated": 1535528481
  },
  {
    "id": "2fe5fe70-9252-46c7-8c97-829deda56341",
    "data": [
      {
        "text": "car ",
        "userDefined": false
      },
      {
        "text": "location",
        "alias": "IoT_Product_Type",
        "meta": "@IoT_Product_Type",
        "userDefined": false
      }
    ],
    "isTemplate": false,
    "count": 0,
    "updated": 1535528481
  },
  {
    "id": "2262298f-4260-4a7d-a15c-ac572d0ba9fb",
    "data": [
      {
        "text": "car tracer",
        "alias": "IoT_Product_Type",
        "meta": "@IoT_Product_Type",
        "userDefined": true
      }
    ],
    "isTemplate": false,
    "count": 0,
    "updated": 1535528481
  },
  {
    "id": "8983d1cf-0533-4ced-bd6b-de4bb1c2098a",
    "data": [
      {
        "text": "car treker",
        "alias": "IoT_Product_Type",
        "meta": "@IoT_Product_Type",
        "userDefined": true
      }
    ],
    "isTemplate": false,
    "count": 0,
    "updated": 1535528481
  },
  {
    "id": "f116af73-f088-495f-9b3f-6f6b4c7f57d2",
    "data": [
      {
        "text": "car traker",
        "alias": "IoT_Product_Type",
        "meta": "@IoT_Product_Type",
        "userDefined": true
      }
    ],
    "isTemplate": false,
    "count": 0,
    "updated": 1535528481
  },
  {
    "id": "9e0b6bd7-96bd-4a47-a35f-ae247ef61226",
    "data": [
      {
        "text": "cra tracker",
        "alias": "IoT_Product_Type",
        "meta": "@IoT_Product_Type",
        "userDefined": true
      }
    ],
    "isTemplate": false,
    "count": 0,
    "updated": 1535528481
  },
  {
    "id": "b75eec5b-254f-432a-957f-08cf7469c09b",
    "data": [
      {
        "text": "car tracker",
        "alias": "IoT_Product_Type",
        "meta": "@IoT_Product_Type",
        "userDefined": true
      }
    ],
    "isTemplate": false,
    "count": 0,
    "updated": 1535528481
  }
]