[
  {
    "id": "9d82bb56-e07a-401e-8787-36332e33c0db",
    "data": [
      {
        "text": "id crad",
        "userDefined": false
      }
    ],
    "isTemplate": false,
    "count": 0,
    "updated": 1535525358
  },
  {
    "id": "ea1b0fff-8545-4316-9d50-9d89c77704dc",
    "data": [
      {
        "text": "id",
        "alias": "IoT_Product_Type",
        "meta": "@IoT_Product_Type",
        "userDefined": true
      }
    ],
    "isTemplate": false,
    "count": 0,
    "updated": 1535525358
  },
  {
    "id": "fc0c7f94-a5d6-4692-a787-83a26978f97e",
    "data": [
      {
        "text": "id cardid",
        "alias": "IoT_Product_Type",
        "meta": "@IoT_Product_Type",
        "userDefined": true
      }
    ],
    "isTemplate": false,
    "count": 0,
    "updated": 1535525358
  },
  {
    "id": "267c6dbf-9022-47ff-8ab0-d214ea9a609b",
    "data": [
      {
        "text": "id card",
        "alias": "IoT_Product_Type",
        "meta": "@IoT_Product_Type",
        "userDefined": true
      }
    ],
    "isTemplate": false,
    "count": 0,
    "updated": 1535525358
  },
  {
    "id": "6279a2a9-8afe-4549-9c6e-abe2ac9cc352",
    "data": [
      {
        "text": "ID card ",
        "userDefined": false
      },
      {
        "text": "GPS tracker",
        "alias": "IoT_Product_Type",
        "meta": "@IoT_Product_Type",
        "userDefined": false
      }
    ],
    "isTemplate": false,
    "count": 0,
    "updated": 1535525358
  },
  {
    "id": "021f7ccd-4160-4edc-b877-6733a1f10845",
    "data": [
      {
        "text": "ID-card-GPS-tracker",
        "alias": "IoT_Product_Type",
        "meta": "@IoT_Product_Type",
        "userDefined": true
      }
    ],
    "isTemplate": false,
    "count": 0,
    "updated": 1535524569
  }
]