[
  {
    "id": "13b2c162-4ba3-4318-a5fd-fb9e592c970c",
    "data": [
      {
        "text": "gus",
        "userDefined": false
      }
    ],
    "isTemplate": false,
    "count": 0,
    "updated": 1535522676
  },
  {
    "id": "00975293-7b9e-439b-bcfb-c08f5f9bd5f9",
    "data": [
      {
        "text": "gps tracking",
        "alias": "IoT_Product_Type",
        "meta": "@IoT_Product_Type",
        "userDefined": false
      }
    ],
    "isTemplate": false,
    "count": 0,
    "updated": 1535357128
  },
  {
    "id": "b558230e-78e5-4382-bd54-b4d17449ca46",
    "data": [
      {
        "text": "gprs",
        "alias": "IoT_Product_Type",
        "meta": "@IoT_Product_Type",
        "userDefined": false
      }
    ],
    "isTemplate": false,
    "count": 0,
    "updated": 1535357128
  },
  {
    "id": "afe00bf0-e3de-45e2-97f8-965704218eed",
    "data": [
      {
        "text": "light control",
        "alias": "IoT_Product_Type",
        "meta": "@IoT_Product_Type",
        "userDefined": false
      }
    ],
    "isTemplate": false,
    "count": 0,
    "updated": 1535357128
  },
  {
    "id": "6a799035-d3cf-4b82-8eb5-853ed6569a94",
    "data": [
      {
        "text": "longitude",
        "alias": "IoT_Product_Type",
        "meta": "@IoT_Product_Type",
        "userDefined": false
      }
    ],
    "isTemplate": false,
    "count": 0,
    "updated": 1535357128
  },
  {
    "id": "4a4c5436-5624-443c-94c7-2eb9ce0b90ab",
    "data": [
      {
        "text": "kitchen light",
        "alias": "IoT_Product_Type",
        "meta": "@IoT_Product_Type",
        "userDefined": true
      }
    ],
    "isTemplate": false,
    "count": 0,
    "updated": 1535357128
  },
  {
    "id": "456a673f-eab5-4e30-ab1c-8e80567b7c89",
    "data": [
      {
        "text": "kitchen lights",
        "alias": "IoT_Product_Type",
        "meta": "@IoT_Product_Type",
        "userDefined": false
      }
    ],
    "isTemplate": false,
    "count": 0,
    "updated": 1535357128
  },
  {
    "id": "15ad055c-b2d7-4a1d-9371-25a005701199",
    "data": [
      {
        "text": "gassinifar",
        "alias": "IoT_Product_Type",
        "meta": "@IoT_Product_Type",
        "userDefined": false
      }
    ],
    "isTemplate": false,
    "count": 0,
    "updated": 1535357128
  },
  {
    "id": "dcc5dab4-8f3d-4604-b0d0-ad39af46796a",
    "data": [
      {
        "text": "bathroom lights",
        "alias": "IoT_Product_Type",
        "meta": "@IoT_Product_Type",
        "userDefined": false
      }
    ],
    "isTemplate": false,
    "count": 0,
    "updated": 1535357128
  },
  {
    "id": "b5d01796-be8f-4118-acc0-065cab2c16c5",
    "data": [
      {
        "text": "kid\u0027s location",
        "alias": "IoT_Product_Type",
        "meta": "@IoT_Product_Type",
        "userDefined": false
      }
    ],
    "isTemplate": false,
    "count": 0,
    "updated": 1535357128
  },
  {
    "id": "55753ccb-a908-4867-a733-1c1a2c303c60",
    "data": [
      {
        "text": "smart light control",
        "alias": "IoT_Product_Type",
        "meta": "@IoT_Product_Type",
        "userDefined": false
      }
    ],
    "isTemplate": false,
    "count": 0,
    "updated": 1535357128
  },
  {
    "id": "51de3f62-861b-45db-b208-94efa7f8fb9d",
    "data": [
      {
        "text": "hajj tracker",
        "alias": "IoT_Product_Type",
        "meta": "@IoT_Product_Type",
        "userDefined": false
      }
    ],
    "isTemplate": false,
    "count": 0,
    "updated": 1535357128
  },
  {
    "id": "ed69fdda-63fa-4a88-b3b0-98173c367904",
    "data": [
      {
        "text": "lights automatically",
        "alias": "IoT_Product_Type",
        "meta": "@IoT_Product_Type",
        "userDefined": false
      }
    ],
    "isTemplate": false,
    "count": 1,
    "updated": 1535357128
  },
  {
    "id": "d1c91472-24b8-43b1-a1b2-b9bb2058ddfc",
    "data": [
      {
        "text": "control lights",
        "alias": "IoT_Product_Type",
        "meta": "@IoT_Product_Type",
        "userDefined": false
      }
    ],
    "isTemplate": false,
    "count": 1,
    "updated": 1535357128
  },
  {
    "id": "1010a41c-a306-467c-8d4a-475d122d7195",
    "data": [
      {
        "text": "track location",
        "alias": "IoT_Product_Type",
        "meta": "@IoT_Product_Type",
        "userDefined": false
      }
    ],
    "isTemplate": false,
    "count": 0,
    "updated": 1535357128
  },
  {
    "id": "505ecb48-0803-42a0-9d48-919a56fc3785",
    "data": [
      {
        "text": "scheduling on off lights",
        "alias": "IoT_Product_Type",
        "meta": "@IoT_Product_Type",
        "userDefined": false
      }
    ],
    "isTemplate": false,
    "count": 0,
    "updated": 1535357128
  },
  {
    "id": "50d55dcf-f735-4448-89cc-243513f52df7",
    "data": [
      {
        "text": " ",
        "userDefined": false
      },
      {
        "text": "hajji location",
        "alias": "IoT_Product_Type",
        "meta": "@IoT_Product_Type",
        "userDefined": false
      }
    ],
    "isTemplate": false,
    "count": 0,
    "updated": 1535357128
  },
  {
    "id": "a850b7c3-8d35-4f4c-bbc6-014a87cbff4b",
    "data": [
      {
        "text": "gps tracke",
        "alias": "IoT_Product_Type",
        "meta": "@IoT_Product_Type",
        "userDefined": true
      }
    ],
    "isTemplate": false,
    "count": 0,
    "updated": 1535357128
  },
  {
    "id": "3cfb28dd-8c90-411e-b396-8194d151c751",
    "data": [
      {
        "text": "gas sniper",
        "alias": "IoT_Product_Type",
        "meta": "@IoT_Product_Type",
        "userDefined": false
      }
    ],
    "isTemplate": false,
    "count": 0,
    "updated": 1535357128
  },
  {
    "id": "11da5fde-b6ae-42dc-852c-beb132bc5b67",
    "data": [
      {
        "text": "colour changing light",
        "alias": "IoT_Product_Type",
        "meta": "@IoT_Product_Type",
        "userDefined": false
      }
    ],
    "isTemplate": false,
    "count": 0,
    "updated": 1535358515
  },
  {
    "id": "437da0bd-8472-474d-ab3f-a9dc42910fa7",
    "data": [
      {
        "text": "air quality check",
        "alias": "IoT_Product_Type",
        "meta": "@IoT_Product_Type",
        "userDefined": false
      }
    ],
    "isTemplate": false,
    "count": 0,
    "updated": 1535357128
  },
  {
    "id": "b37b5324-57be-4bfd-9010-9b9e53574b72",
    "data": [
      {
        "text": "iot light",
        "alias": "IoT_Product_Type",
        "meta": "@IoT_Product_Type",
        "userDefined": false
      }
    ],
    "isTemplate": false,
    "count": 0,
    "updated": 1535357128
  },
  {
    "id": "0768458a-acb4-4c06-9483-429704e2cb5c",
    "data": [
      {
        "text": "iot lab lights",
        "alias": "IoT_Product_Type",
        "meta": "@IoT_Product_Type",
        "userDefined": false
      }
    ],
    "isTemplate": false,
    "count": 0,
    "updated": 1535357128
  },
  {
    "id": "43f023ac-fb5c-4184-bfd3-c9beeb200212",
    "data": [
      {
        "text": "living room light",
        "alias": "IoT_Product_Type",
        "meta": "@IoT_Product_Type",
        "userDefined": false
      }
    ],
    "isTemplate": false,
    "count": 0,
    "updated": 1535358515
  },
  {
    "id": "0258e5dd-ff51-4afc-b51c-001045d9d4cf",
    "data": [
      {
        "text": "geo fence",
        "alias": "IoT_Product_Type",
        "meta": "@IoT_Product_Type",
        "userDefined": true
      }
    ],
    "isTemplate": false,
    "count": 0,
    "updated": 1535357128
  },
  {
    "id": "dad8abea-2f6a-43ff-949f-1d0e5b4e8d6e",
    "data": [
      {
        "text": "smart lighting",
        "alias": "IoT_Product_Type",
        "meta": "@IoT_Product_Type",
        "userDefined": false
      }
    ],
    "isTemplate": false,
    "count": 0,
    "updated": 1535357128
  },
  {
    "id": "427ceddd-4161-42f8-9957-aa932cf4e4b0",
    "data": [
      {
        "text": "gassniffer",
        "alias": "IoT_Product_Type",
        "meta": "@IoT_Product_Type",
        "userDefined": false
      }
    ],
    "isTemplate": false,
    "count": 0,
    "updated": 1535357128
  },
  {
    "id": "596cdb35-ebcb-4ab6-96d5-e8da0430a086",
    "data": [
      {
        "text": "light",
        "alias": "IoT_Product_Type",
        "meta": "@IoT_Product_Type",
        "userDefined": false
      }
    ],
    "isTemplate": false,
    "count": 0,
    "updated": 1535357128
  },
  {
    "id": "91bc99ec-3000-47ca-9681-829f52e38dd4",
    "data": [
      {
        "text": "schedule on off of my lights",
        "alias": "IoT_Product_Type",
        "meta": "@IoT_Product_Type",
        "userDefined": false
      }
    ],
    "isTemplate": false,
    "count": 0,
    "updated": 1535357128
  },
  {
    "id": "fdf07db8-070f-4a14-8a4e-ba389bb4bb80",
    "data": [
      {
        "text": "tracking",
        "alias": "IoT_Product_Type",
        "meta": "@IoT_Product_Type",
        "userDefined": false
      }
    ],
    "isTemplate": false,
    "count": 0,
    "updated": 1535357128
  },
  {
    "id": "94eb94f0-97cf-4d9b-80e4-eae10770e212",
    "data": [
      {
        "text": "gas snipper",
        "alias": "IoT_Product_Type",
        "meta": "@IoT_Product_Type",
        "userDefined": false
      }
    ],
    "isTemplate": false,
    "count": 0,
    "updated": 1535357128
  },
  {
    "id": "630c27e3-178e-494f-a9c3-73a95890e8fe",
    "data": [
      {
        "text": "what can i buy",
        "userDefined": false
      }
    ],
    "isTemplate": false,
    "count": 0,
    "updated": 1535453875
  },
  {
    "id": "834f005e-7f11-4b01-841d-49f37eb1555b",
    "data": [
      {
        "text": "tell me about your ",
        "userDefined": false
      },
      {
        "text": "product",
        "alias": "faq",
        "meta": "@faq",
        "userDefined": false
      }
    ],
    "isTemplate": false,
    "count": 0,
    "updated": 1535453875
  },
  {
    "id": "9a927482-1dee-47ed-aa01-a30d01982604",
    "data": [
      {
        "text": "lattitude",
        "alias": "IoT_Product_Type",
        "meta": "@IoT_Product_Type",
        "userDefined": false
      }
    ],
    "isTemplate": false,
    "count": 0,
    "updated": 1535357128
  },
  {
    "id": "e9d09902-d3e4-4b28-ab53-c2343b3993f9",
    "data": [
      {
        "text": "gassnipper",
        "alias": "IoT_Product_Type",
        "meta": "@IoT_Product_Type",
        "userDefined": false
      }
    ],
    "isTemplate": false,
    "count": 0,
    "updated": 1535357128
  },
  {
    "id": "e26e10db-1f0c-491e-a964-c346d213e6d1",
    "data": [
      {
        "text": "mood changing light",
        "alias": "IoT_Product_Type",
        "meta": "@IoT_Product_Type",
        "userDefined": false
      }
    ],
    "isTemplate": false,
    "count": 0,
    "updated": 1535358515
  },
  {
    "id": "6b666d15-1f0b-422a-bf5e-6f447b66a540",
    "data": [
      {
        "text": "where",
        "alias": "IoT_Product_Type",
        "meta": "@IoT_Product_Type",
        "userDefined": false
      }
    ],
    "isTemplate": false,
    "count": 0,
    "updated": 1535357128
  },
  {
    "id": "2a7127a8-0eca-4e19-a3dd-598bd91f37b2",
    "data": [
      {
        "text": "what do you have",
        "userDefined": false
      }
    ],
    "isTemplate": false,
    "count": 0,
    "updated": 1535453875
  },
  {
    "id": "3da87924-9c5f-4571-baf9-06714bd70030",
    "data": [
      {
        "text": "fire alarm",
        "alias": "IoT_Product_Type",
        "meta": "@IoT_Product_Type",
        "userDefined": false
      }
    ],
    "isTemplate": false,
    "count": 0,
    "updated": 1535357128
  },
  {
    "id": "6e5546d3-4ff0-46ac-ad88-e54082ad23a1",
    "data": [
      {
        "text": "gps location",
        "alias": "IoT_Product_Type",
        "meta": "@IoT_Product_Type",
        "userDefined": false
      }
    ],
    "isTemplate": false,
    "count": 0,
    "updated": 1535357128
  },
  {
    "id": "7088c0aa-9776-47e2-a11a-0dda6f8fd8d4",
    "data": [
      {
        "text": "fire detector",
        "alias": "IoT_Product_Type",
        "meta": "@IoT_Product_Type",
        "userDefined": false
      }
    ],
    "isTemplate": false,
    "count": 0,
    "updated": 1535357128
  },
  {
    "id": "383065c3-9f21-4eab-b313-af62f0e897d2",
    "data": [
      {
        "text": " ",
        "userDefined": false
      },
      {
        "text": "smoke",
        "alias": "IoT_Product_Type",
        "meta": "@IoT_Product_Type",
        "userDefined": false
      }
    ],
    "isTemplate": false,
    "count": 0,
    "updated": 1535357128
  },
  {
    "id": "1559eddc-93cb-4d5f-9a89-7e45958b7432",
    "data": [
      {
        "text": "livingroom light",
        "alias": "IoT_Product_Type",
        "meta": "@IoT_Product_Type",
        "userDefined": false
      }
    ],
    "isTemplate": false,
    "count": 0,
    "updated": 1535358515
  },
  {
    "id": "883e6dd0-a06b-4813-949f-b06daa99e198",
    "data": [
      {
        "text": "smart lights",
        "alias": "IoT_Product_Type",
        "meta": "@IoT_Product_Type",
        "userDefined": false
      }
    ],
    "isTemplate": false,
    "count": 0,
    "updated": 1535357128
  },
  {
    "id": "8857818d-6839-42fe-9f1b-4c18ede8dd7e",
    "data": [
      {
        "text": "fire detect",
        "alias": "IoT_Product_Type",
        "meta": "@IoT_Product_Type",
        "userDefined": false
      }
    ],
    "isTemplate": false,
    "count": 0,
    "updated": 1535357128
  },
  {
    "id": "592cd2ad-e40a-484a-ad58-bdf03e5a12a6",
    "data": [
      {
        "text": "track",
        "alias": "IoT_Product_Type",
        "meta": "@IoT_Product_Type",
        "userDefined": false
      }
    ],
    "isTemplate": false,
    "count": 0,
    "updated": 1535357128
  },
  {
    "id": "8f9e2b76-3011-454a-8157-53b93fdc2d92",
    "data": [
      {
        "text": "pm detection",
        "alias": "IoT_Product_Type",
        "meta": "@IoT_Product_Type",
        "userDefined": false
      }
    ],
    "isTemplate": false,
    "count": 0,
    "updated": 1535357128
  },
  {
    "id": "03e8a6e8-a6b9-46ce-98ca-625312479eee",
    "data": [
      {
        "text": "smoke detection",
        "alias": "IoT_Product_Type",
        "meta": "@IoT_Product_Type",
        "userDefined": false
      }
    ],
    "isTemplate": false,
    "count": 0,
    "updated": 1535357128
  },
  {
    "id": "3c78eed0-4e53-419e-b572-c462ae300a67",
    "data": [
      {
        "text": " ",
        "userDefined": false
      },
      {
        "text": "GPS Tracker",
        "alias": "IoT_Product_Type",
        "meta": "@IoT_Product_Type",
        "userDefined": false
      }
    ],
    "isTemplate": false,
    "count": 0,
    "updated": 1535357128
  },
  {
    "id": "b1d531ed-418c-4b44-9f8b-fdb12a09a110",
    "data": [
      {
        "text": "snifer",
        "alias": "IoT_Product_Type",
        "meta": "@IoT_Product_Type",
        "userDefined": false
      }
    ],
    "isTemplate": false,
    "count": 0,
    "updated": 1535357128
  },
  {
    "id": "9b44ba19-4f2f-4334-9d59-a217dccfc659",
    "data": [
      {
        "text": "lifx",
        "alias": "IoT_Product_Type",
        "meta": "@IoT_Product_Type",
        "userDefined": false
      }
    ],
    "isTemplate": false,
    "count": 0,
    "updated": 1535358515
  },
  {
    "id": "f7d61abc-ca7f-49e4-92b9-886e0b06d6f2",
    "data": [
      {
        "text": "tracker pendant",
        "alias": "IoT_Product_Type",
        "meta": "@IoT_Product_Type",
        "userDefined": false
      }
    ],
    "isTemplate": false,
    "count": 0,
    "updated": 1535357128
  },
  {
    "id": "82308992-4e45-42d1-b8fe-ae46d80ba592",
    "data": [
      {
        "text": "sniff",
        "alias": "IoT_Product_Type",
        "meta": "@IoT_Product_Type",
        "userDefined": false
      }
    ],
    "isTemplate": false,
    "count": 0,
    "updated": 1535357128
  },
  {
    "id": "d8fae039-b944-4ca9-bede-b96bc83de7ba",
    "data": [
      {
        "text": "gassnifer",
        "alias": "IoT_Product_Type",
        "meta": "@IoT_Product_Type",
        "userDefined": false
      }
    ],
    "isTemplate": false,
    "count": 0,
    "updated": 1535357128
  },
  {
    "id": "fb0957b1-665c-4c28-98c2-03b62f9b94e5",
    "data": [
      {
        "text": "kitchen",
        "alias": "IoT_Product_Type",
        "meta": "@IoT_Product_Type",
        "userDefined": false
      }
    ],
    "isTemplate": false,
    "count": 0,
    "updated": 1535357128
  },
  {
    "id": "359326c3-5dea-4798-90d9-ea6512b968bf",
    "data": [
      {
        "text": "bedroom light",
        "alias": "IoT_Product_Type",
        "meta": "@IoT_Product_Type",
        "userDefined": false
      }
    ],
    "isTemplate": false,
    "count": 1,
    "updated": 1535358515
  },
  {
    "id": "3cc8584a-904c-4b54-af5c-5b0a22f7eb16",
    "data": [
      {
        "text": " ",
        "userDefined": false
      },
      {
        "text": "gas snifer",
        "alias": "IoT_Product_Type",
        "meta": "@IoT_Product_Type",
        "userDefined": false
      }
    ],
    "isTemplate": false,
    "count": 0,
    "updated": 1535357128
  },
  {
    "id": "15feb5dc-7a7c-4225-9099-7082beaf3017",
    "data": [
      {
        "text": "meeting room lights",
        "alias": "IoT_Product_Type",
        "meta": "@IoT_Product_Type",
        "userDefined": false
      }
    ],
    "isTemplate": false,
    "count": 0,
    "updated": 1535357128
  },
  {
    "id": "bab43ec8-408a-4079-b4ad-78f88686b3ae",
    "data": [
      {
        "text": " ",
        "userDefined": false
      },
      {
        "text": "location",
        "alias": "IoT_Product_Type",
        "meta": "@IoT_Product_Type",
        "userDefined": false
      }
    ],
    "isTemplate": false,
    "count": 0,
    "updated": 1535357128
  },
  {
    "id": "883e8eb7-9c5c-459c-bcc4-4bbf89c72e1c",
    "data": [
      {
        "text": " ",
        "userDefined": false
      },
      {
        "text": "Smart Lights",
        "alias": "IoT_Product_Type",
        "meta": "@IoT_Product_Type",
        "userDefined": false
      }
    ],
    "isTemplate": false,
    "count": 0,
    "updated": 1535357128
  },
  {
    "id": "bdc1765e-d35f-4698-931f-3cb337a54d50",
    "data": [
      {
        "text": "gas detect",
        "alias": "IoT_Product_Type",
        "meta": "@IoT_Product_Type",
        "userDefined": true
      }
    ],
    "isTemplate": false,
    "count": 0,
    "updated": 1535357128
  },
  {
    "id": "1f17676e-1b60-482f-b8fd-0c4317d70c92",
    "data": [
      {
        "text": "voc detection",
        "alias": "IoT_Product_Type",
        "meta": "@IoT_Product_Type",
        "userDefined": false
      }
    ],
    "isTemplate": false,
    "count": 1,
    "updated": 1535357128
  },
  {
    "id": "3b072b3a-30f3-472a-870f-46eca2a328f3",
    "data": [
      {
        "text": "gas detector",
        "alias": "IoT_Product_Type",
        "meta": "@IoT_Product_Type",
        "userDefined": false
      }
    ],
    "isTemplate": false,
    "count": 0,
    "updated": 1535357128
  },
  {
    "id": "5d4f764c-545d-4032-8173-c541c6dd1b34",
    "data": [
      {
        "text": "gps",
        "alias": "IoT_Product_Type",
        "meta": "@IoT_Product_Type",
        "userDefined": false
      }
    ],
    "isTemplate": false,
    "count": 0,
    "updated": 1535357128
  },
  {
    "id": "26cacb44-2941-456f-8a2b-10291b492a3a",
    "data": [
      {
        "text": "fire alert",
        "alias": "IoT_Product_Type",
        "meta": "@IoT_Product_Type",
        "userDefined": false
      }
    ],
    "isTemplate": false,
    "count": 0,
    "updated": 1535357128
  },
  {
    "id": "784c7cf4-77ad-4356-846a-2fcedb20206b",
    "data": [
      {
        "text": "what products do you have?",
        "alias": "faq",
        "meta": "@faq",
        "userDefined": true
      }
    ],
    "isTemplate": false,
    "count": 0,
    "updated": 1533456265
  },
  {
    "id": "4940b4c8-4060-4162-b77f-4f5d83f11635",
    "data": [
      {
        "text": "kids tracker",
        "alias": "IoT_Product_Type",
        "meta": "@IoT_Product_Type",
        "userDefined": false
      }
    ],
    "isTemplate": false,
    "count": 0,
    "updated": 1535357128
  },
  {
    "id": "f34e4954-f64a-4be9-a764-27d51dae3e20",
    "data": [
      {
        "text": "qa",
        "alias": "faq",
        "meta": "@faq",
        "userDefined": false
      }
    ],
    "isTemplate": false,
    "count": 0,
    "updated": 1533456265
  },
  {
    "id": "55c6051e-7d17-4067-8dd2-fe527418fc34",
    "data": [
      {
        "text": "intrusion detection",
        "alias": "IoT_Product_Type",
        "meta": "@IoT_Product_Type",
        "userDefined": true
      }
    ],
    "isTemplate": false,
    "count": 0,
    "updated": 1535357128
  },
  {
    "id": "0af0dfa0-81ec-403c-a466-b122d94a0e6a",
    "data": [
      {
        "text": "i want to know about your product",
        "alias": "faq",
        "meta": "@faq",
        "userDefined": true
      }
    ],
    "isTemplate": false,
    "count": 0,
    "updated": 1533456265
  },
  {
    "id": "e292a9da-0a72-41f9-ace3-f7a7ad87d212",
    "data": [
      {
        "text": " ",
        "userDefined": false
      },
      {
        "text": "clock out",
        "alias": "IoT_Product_Type",
        "meta": "@IoT_Product_Type",
        "userDefined": false
      }
    ],
    "isTemplate": false,
    "count": 0,
    "updated": 1535357128
  },
  {
    "id": "3334cdb0-f3d1-4c80-8176-950b4e75d4c0",
    "data": [
      {
        "text": "what services do you have?",
        "alias": "faq",
        "meta": "@faq",
        "userDefined": true
      }
    ],
    "isTemplate": false,
    "count": 0,
    "updated": 1533456265
  },
  {
    "id": "99bd0b44-19dc-499a-87f5-4b1e7f9971fd",
    "data": [
      {
        "text": "motion detection",
        "alias": "IoT_Product_Type",
        "meta": "@IoT_Product_Type",
        "userDefined": true
      }
    ],
    "isTemplate": false,
    "count": 1,
    "updated": 1535357128
  },
  {
    "id": "bb34e24c-60c1-4a36-af88-3a9bdc97e7fe",
    "data": [
      {
        "text": "smart office",
        "alias": "IoT_Product_Type",
        "meta": "@IoT_Product_Type",
        "userDefined": false
      }
    ],
    "isTemplate": false,
    "count": 0,
    "updated": 1535357128
  },
  {
    "id": "5c11c4f0-224a-4dc6-b40e-81cf2a054b6f",
    "data": [
      {
        "text": "clock in",
        "alias": "IoT_Product_Type",
        "meta": "@IoT_Product_Type",
        "userDefined": false
      }
    ],
    "isTemplate": false,
    "count": 0,
    "updated": 1535357128
  },
  {
    "id": "38a01e1d-ce95-4c6c-a5e5-e9bd89e9ae41",
    "data": [
      {
        "text": "anything else",
        "alias": "faq",
        "meta": "@faq",
        "userDefined": true
      }
    ],
    "isTemplate": false,
    "count": 0,
    "updated": 1533548914
  },
  {
    "id": "ce7eef7b-7fa4-4ca4-894a-5c5255ca0f91",
    "data": [
      {
        "text": "ip camera",
        "alias": "IoT_Product_Type",
        "meta": "@IoT_Product_Type",
        "userDefined": false
      }
    ],
    "isTemplate": false,
    "count": 0,
    "updated": 1535357128
  },
  {
    "id": "774dd091-b50d-4c3e-8144-cbb4b984f90f",
    "data": [
      {
        "text": "tell me more",
        "alias": "faq",
        "meta": "@faq",
        "userDefined": true
      }
    ],
    "isTemplate": false,
    "count": 0,
    "updated": 1533456265
  },
  {
    "id": "6a89098a-19b0-4642-b5e3-e349e4689fcf",
    "data": [
      {
        "text": "card punching",
        "alias": "IoT_Product_Type",
        "meta": "@IoT_Product_Type",
        "userDefined": false
      }
    ],
    "isTemplate": false,
    "count": 0,
    "updated": 1535357128
  },
  {
    "id": "aeb627d3-78e9-4199-b1e6-c96c062758f0",
    "data": [
      {
        "text": "tell me about the available products",
        "alias": "faq",
        "meta": "@faq",
        "userDefined": true
      }
    ],
    "isTemplate": false,
    "count": 0,
    "updated": 1533456265
  },
  {
    "id": "6b111720-a1b8-4804-a478-bbbbbcee6bb6",
    "data": [
      {
        "text": "faq",
        "alias": "faq",
        "meta": "@faq",
        "userDefined": false
      }
    ],
    "isTemplate": false,
    "count": 1,
    "updated": 1533456265
  },
  {
    "id": "794c4d0c-250a-4506-8c07-db72230cfbf8",
    "data": [
      {
        "text": "gas sinifar",
        "alias": "IoT_Product_Type",
        "meta": "@IoT_Product_Type",
        "userDefined": false
      }
    ],
    "isTemplate": false,
    "count": 0,
    "updated": 1535357128
  },
  {
    "id": "971299d1-33c9-4053-a4df-540b8828fc02",
    "data": [
      {
        "text": "office management",
        "alias": "IoT_Product_Type",
        "meta": "@IoT_Product_Type",
        "userDefined": false
      }
    ],
    "isTemplate": false,
    "count": 0,
    "updated": 1535357128
  },
  {
    "id": "1ea8400f-a96c-4dd9-acdd-4d4e02eda8d9",
    "data": [
      {
        "text": " ",
        "userDefined": false
      },
      {
        "text": "gas sniffer",
        "alias": "IoT_Product_Type",
        "meta": "@IoT_Product_Type",
        "userDefined": false
      }
    ],
    "isTemplate": false,
    "count": 0,
    "updated": 1535357128
  },
  {
    "id": "dd00e8fe-96e4-49be-9c48-7e338e90242d",
    "data": [
      {
        "text": "RFID reader",
        "alias": "IoT_Product_Type",
        "meta": "@IoT_Product_Type",
        "userDefined": false
      }
    ],
    "isTemplate": false,
    "count": 0,
    "updated": 1535357128
  },
  {
    "id": "0074bb0b-96ec-46f4-927e-055dfdbdd411",
    "data": [
      {
        "text": "I ",
        "userDefined": false
      },
      {
        "text": "want to know more",
        "alias": "faq",
        "meta": "@faq",
        "userDefined": true
      },
      {
        "text": " about your products",
        "userDefined": false
      }
    ],
    "isTemplate": false,
    "count": 0,
    "updated": 1533456265
  },
  {
    "id": "0183a272-0344-46c9-83e9-352a1f3e4bd4",
    "data": [
      {
        "text": "kitchen gadget",
        "alias": "IoT_Product_Type",
        "meta": "@IoT_Product_Type",
        "userDefined": false
      }
    ],
    "isTemplate": false,
    "count": 0,
    "updated": 1535357128
  },
  {
    "id": "32d48a7d-65b4-42e1-99a5-18f0788dac42",
    "data": [
      {
        "text": "fire",
        "alias": "IoT_Product_Type",
        "meta": "@IoT_Product_Type",
        "userDefined": false
      }
    ],
    "isTemplate": false,
    "count": 0,
    "updated": 1535357128
  },
  {
    "id": "4a90864b-fac3-4c0f-9479-3020abdd9b3b",
    "data": [
      {
        "text": "motion detector",
        "alias": "IoT_Product_Type",
        "meta": "@IoT_Product_Type",
        "userDefined": false
      }
    ],
    "isTemplate": false,
    "count": 0,
    "updated": 1535357128
  }
]