[
  {
    "id": "d715536d-7e79-4d7d-a0fe-24c8c8f203f4",
    "data": [
      {
        "text": "this is ",
        "userDefined": false
      },
      {
        "text": "boring",
        "meta": "@sys.ignore",
        "userDefined": false
      }
    ],
    "isTemplate": false,
    "count": 0,
    "updated": 1529517314
  },
  {
    "id": "3e15ede6-2af1-4c2f-8b91-f560ac9e7951",
    "data": [
      {
        "text": "boring",
        "meta": "@sys.ignore",
        "userDefined": false
      }
    ],
    "isTemplate": false,
    "count": 0,
    "updated": 1529517314
  },
  {
    "id": "0ee10715-6af6-4dd1-a331-83e045c243e5",
    "data": [
      {
        "text": "very ",
        "userDefined": false
      },
      {
        "text": "boring",
        "meta": "@sys.ignore",
        "userDefined": false
      }
    ],
    "isTemplate": false,
    "count": 0,
    "updated": 1529517314
  },
  {
    "id": "10b7518a-34e2-499d-ace2-da0af5feae39",
    "data": [
      {
        "text": "I\u0027m bored",
        "userDefined": false
      }
    ],
    "isTemplate": false,
    "count": 0,
    "updated": 1529517314
  },
  {
    "id": "d005ebad-3ea7-4196-a4a3-d3c6a129295b",
    "data": [
      {
        "text": "that was ",
        "userDefined": false
      },
      {
        "text": "boring",
        "meta": "@sys.ignore",
        "userDefined": false
      }
    ],
    "isTemplate": false,
    "count": 0,
    "updated": 1529517314
  },
  {
    "id": "4d21c710-9538-451d-bea5-110d4c12184b",
    "data": [
      {
        "text": "I am getting bored",
        "userDefined": false
      }
    ],
    "isTemplate": false,
    "count": 0,
    "updated": 1529517314
  },
  {
    "id": "0256b467-2c3a-42af-ba12-b598ad494eab",
    "data": [
      {
        "text": "it bores me",
        "userDefined": false
      }
    ],
    "isTemplate": false,
    "count": 0,
    "updated": 1529517314
  },
  {
    "id": "f3bda77a-a758-412c-afd5-a20f10fa3a3a",
    "data": [
      {
        "text": "bored",
        "userDefined": false
      }
    ],
    "isTemplate": false,
    "count": 0,
    "updated": 1529517314
  }
]