[
  {
    "id": "c4d13486-ffab-4286-a7e9-0de5ce524f29",
    "data": [
      {
        "text": "I am sad",
        "userDefined": false
      }
    ],
    "isTemplate": false,
    "count": 0,
    "updated": 1529441206
  },
  {
    "id": "a4f65eee-b2c9-4ac7-b97c-49f9e561149a",
    "data": [
      {
        "text": "I",
        "meta": "@sys.ignore",
        "userDefined": false
      },
      {
        "text": " want ",
        "userDefined": false
      },
      {
        "text": "to",
        "meta": "@sys.ignore",
        "userDefined": false
      },
      {
        "text": " cry",
        "userDefined": false
      }
    ],
    "isTemplate": false,
    "count": 0,
    "updated": 1529441206
  },
  {
    "id": "0bcdeccf-3f50-403a-afff-3e1e95cccf8b",
    "data": [
      {
        "text": "I am feeling sad",
        "userDefined": false
      }
    ],
    "isTemplate": false,
    "count": 0,
    "updated": 1529441206
  },
  {
    "id": "701f093e-9e9b-4cc0-b9cf-33d963f27b79",
    "data": [
      {
        "text": "I am upset",
        "userDefined": false
      }
    ],
    "isTemplate": false,
    "count": 0,
    "updated": 1529441206
  },
  {
    "id": "d395bd98-4f31-4726-848c-bd373b3287e4",
    "data": [
      {
        "text": "I am depressed",
        "userDefined": false
      }
    ],
    "isTemplate": false,
    "count": 0,
    "updated": 1529441206
  },
  {
    "id": "3d61bd96-bf1a-4e81-9c32-32532c7658cc",
    "data": [
      {
        "text": "I\u0027m having a bad day",
        "userDefined": false
      }
    ],
    "isTemplate": false,
    "count": 0,
    "updated": 1529441206
  },
  {
    "id": "a0a5552e-afd2-4a06-86bd-3c262293003c",
    "data": [
      {
        "text": "I\u0027m unhappy",
        "userDefined": false
      }
    ],
    "isTemplate": false,
    "count": 0,
    "updated": 1529441206
  },
  {
    "id": "8dcddba5-64b6-462c-94e2-a2cd6a604174",
    "data": [
      {
        "text": "I\u0027m grieving",
        "userDefined": false
      }
    ],
    "isTemplate": false,
    "count": 0,
    "updated": 1529441206
  },
  {
    "id": "425d1ae2-6352-4d46-b72b-73b8865e4bb1",
    "data": [
      {
        "text": "I\u0027m not happy",
        "userDefined": false
      }
    ],
    "isTemplate": false,
    "count": 0,
    "updated": 1529441206
  }
]