[
  {
    "id": "8db34390-3fa7-47ae-aaca-424fcc66c427",
    "data": [
      {
        "text": "hugged",
        "userDefined": false
      }
    ],
    "isTemplate": false,
    "count": 1,
    "updated": 0
  },
  {
    "id": "e8af1688-1837-4e1e-bce1-6932baa46dd2",
    "data": [
      {
        "text": "hug me",
        "userDefined": false
      }
    ],
    "isTemplate": false,
    "count": 1,
    "updated": 0
  },
  {
    "id": "b7f2c91b-1421-49c7-9a3a-2e6b23514938",
    "data": [
      {
        "text": "hug you",
        "userDefined": false
      }
    ],
    "isTemplate": false,
    "count": 0,
    "updated": 0
  },
  {
    "id": "ea687e02-a5d2-403b-8f9b-59ef3b2db30a",
    "data": [
      {
        "text": "could you give ",
        "userDefined": false
      },
      {
        "text": "me",
        "meta": "@sys.ignore",
        "userDefined": false
      },
      {
        "text": " a hug",
        "userDefined": false
      }
    ],
    "isTemplate": false,
    "count": 0,
    "updated": 0
  },
  {
    "id": "00f25494-0d3a-4aeb-bc33-f27069b41c5b",
    "data": [
      {
        "text": "I want a hug",
        "userDefined": false
      }
    ],
    "isTemplate": false,
    "count": 0,
    "updated": 0
  },
  {
    "id": "9ad96d71-03a9-469a-a519-b582fbf787d4",
    "data": [
      {
        "text": "a hug",
        "userDefined": false
      }
    ],
    "isTemplate": false,
    "count": 0,
    "updated": 0
  },
  {
    "id": "4cda26a6-4389-433f-8b88-e191ed4ccbf0",
    "data": [
      {
        "text": "wanna hug",
        "userDefined": false
      }
    ],
    "isTemplate": false,
    "count": 1,
    "updated": 0
  },
  {
    "id": "603a2811-2f82-4ffe-8b91-192ac3437a98",
    "data": [
      {
        "text": "hugging me",
        "userDefined": false
      }
    ],
    "isTemplate": false,
    "count": 0,
    "updated": 0
  },
  {
    "id": "6a554546-76f5-42a5-84a8-a41a90b3c97f",
    "data": [
      {
        "text": "do you want a hug",
        "userDefined": false
      }
    ],
    "isTemplate": false,
    "count": 0,
    "updated": 0
  },
  {
    "id": "25637da5-8daf-4974-bd8a-a8e86588d33e",
    "data": [
      {
        "text": "may I hug you",
        "userDefined": false
      }
    ],
    "isTemplate": false,
    "count": 1,
    "updated": 0
  },
  {
    "id": "36a43340-f990-4310-9234-443cf756fd0d",
    "data": [
      {
        "text": "hugging",
        "userDefined": false
      }
    ],
    "isTemplate": false,
    "count": 0,
    "updated": 0
  },
  {
    "id": "b1a152c6-a3bd-4c4d-8f08-e39ee0a3b850",
    "data": [
      {
        "text": "want a hug",
        "userDefined": false
      }
    ],
    "isTemplate": false,
    "count": 1,
    "updated": 0
  },
  {
    "id": "5f57272c-cb1e-4b62-ac1a-e09a2498afdf",
    "data": [
      {
        "text": "hugged me",
        "userDefined": false
      }
    ],
    "isTemplate": false,
    "count": 1,
    "updated": 0
  },
  {
    "id": "397e9d8c-8a5c-4d60-9eb2-c0d8fd51c875",
    "data": [
      {
        "text": "hug",
        "userDefined": false
      }
    ],
    "isTemplate": false,
    "count": 0,
    "updated": 0
  },
  {
    "id": "5713a6c1-bb3e-44a0-8bb1-2f621eb7120e",
    "data": [
      {
        "text": "you hugged",
        "userDefined": false
      }
    ],
    "isTemplate": false,
    "count": 0,
    "updated": 0
  }
]