[
  {
    "id": "46ca4b28-e4f6-4ea6-81c0-cbeacb687790",
    "data": [
      {
        "text": "I\u0027ve overworked",
        "userDefined": false
      }
    ],
    "isTemplate": false,
    "count": 0,
    "updated": 1529441576
  },
  {
    "id": "4792131d-776a-4c75-9339-3f977da4256c",
    "data": [
      {
        "text": "I\u0027m worn out",
        "userDefined": false
      }
    ],
    "isTemplate": false,
    "count": 0,
    "updated": 1529441576
  },
  {
    "id": "6c12546c-71b4-455c-bb82-d73d5f4c0ff2",
    "data": [
      {
        "text": "I ",
        "userDefined": false
      },
      {
        "text": "feel",
        "meta": "@sys.ignore",
        "userDefined": false
      },
      {
        "text": " tired",
        "userDefined": false
      }
    ],
    "isTemplate": false,
    "count": 0,
    "updated": 1529441576
  },
  {
    "id": "7fb447df-491c-4c78-8264-5945313608fd",
    "data": [
      {
        "text": "I grow weary",
        "userDefined": false
      }
    ],
    "isTemplate": false,
    "count": 0,
    "updated": 1529441576
  },
  {
    "id": "8e82f9c9-f065-4e67-a92a-0dc7f8167d7e",
    "data": [
      {
        "text": "I am tired",
        "userDefined": false
      }
    ],
    "isTemplate": false,
    "count": 0,
    "updated": 1529441576
  },
  {
    "id": "69eef858-c089-4d75-960b-ab9699e5813a",
    "data": [
      {
        "text": "I\u0027m getting tired",
        "userDefined": false
      }
    ],
    "isTemplate": false,
    "count": 0,
    "updated": 1529441576
  },
  {
    "id": "96875ce2-fa20-4697-97c2-78c30f887a6a",
    "data": [
      {
        "text": "I\u0027m drained",
        "userDefined": false
      }
    ],
    "isTemplate": false,
    "count": 0,
    "updated": 1529441576
  },
  {
    "id": "2299eb4a-7bd4-44a3-bd8b-86423194369c",
    "data": [
      {
        "text": "I\u0027m exhausted",
        "userDefined": false
      }
    ],
    "isTemplate": false,
    "count": 0,
    "updated": 1529441576
  }
]