[
  {
    "id": "76128d53-9b9d-4971-a83b-d7afc18d07fc",
    "data": [
      {
        "text": "gus sniper",
        "userDefined": false
      }
    ],
    "isTemplate": false,
    "count": 0,
    "updated": 1535519286
  },
  {
    "id": "4010660c-10a2-43c9-9530-97c1afa4dfce",
    "data": [
      {
        "text": "sinipar",
        "userDefined": false
      }
    ],
    "isTemplate": false,
    "count": 0,
    "updated": 1535515721
  },
  {
    "id": "310712d0-3e86-40bd-98b2-60a3f0bffa9e",
    "data": [
      {
        "text": "snipar",
        "userDefined": false
      }
    ],
    "isTemplate": false,
    "count": 0,
    "updated": 1535515721
  },
  {
    "id": "f4a8b98c-8fd3-47e9-a9b4-0546a333aeb1",
    "data": [
      {
        "text": "snipper",
        "userDefined": false
      }
    ],
    "isTemplate": false,
    "count": 0,
    "updated": 1535515721
  },
  {
    "id": "fc753c5a-61b6-4418-add6-9407893ddb73",
    "data": [
      {
        "text": "gus",
        "userDefined": false
      }
    ],
    "isTemplate": false,
    "count": 0,
    "updated": 1535515721
  },
  {
    "id": "fae6a94e-b563-419b-9b72-a2bb4ae24540",
    "data": [
      {
        "text": "gas sniper",
        "alias": "IoT_Product_Type",
        "meta": "@IoT_Product_Type",
        "userDefined": false
      }
    ],
    "isTemplate": false,
    "count": 0,
    "updated": 1535515637
  },
  {
    "id": "742493b8-2565-43b3-876d-a9df56b5c3cc",
    "data": [
      {
        "text": "gas sniffer",
        "alias": "IoT_Product_Type",
        "meta": "@IoT_Product_Type",
        "userDefined": false
      }
    ],
    "isTemplate": false,
    "count": 0,
    "updated": 1535365476
  },
  {
    "id": "edba5b5f-69df-45f1-8bb6-ece732014ee5",
    "data": [
      {
        "text": "gus snipiner",
        "alias": "IoT_Product_Type",
        "meta": "@IoT_Product_Type",
        "userDefined": true
      }
    ],
    "isTemplate": false,
    "count": 0,
    "updated": 1535365476
  },
  {
    "id": "f8d17c51-ce7b-4dd7-99fc-04e67ad81740",
    "data": [
      {
        "text": "gas snipper",
        "alias": "IoT_Product_Type",
        "meta": "@IoT_Product_Type",
        "userDefined": false
      }
    ],
    "isTemplate": false,
    "count": 0,
    "updated": 1535365476
  },
  {
    "id": "bc45854e-4f2e-4c13-87ee-8442dbc66abd",
    "data": [
      {
        "text": "i want ",
        "userDefined": false
      },
      {
        "text": "gas sniffer",
        "alias": "IoT_Product_Type",
        "meta": "@IoT_Product_Type",
        "userDefined": false
      }
    ],
    "isTemplate": false,
    "count": 0,
    "updated": 1535365476
  }
]