[
  {
    "id": "1f0a60ab-5276-4d2f-9b98-38faf055ccc9",
    "data": [
      {
        "text": "soekt",
        "userDefined": false
      }
    ],
    "isTemplate": false,
    "count": 0,
    "updated": 1535513591
  },
  {
    "id": "8cab2528-7dd9-43d4-ae2c-a6622e12c938",
    "data": [
      {
        "text": "sokcet",
        "userDefined": false
      }
    ],
    "isTemplate": false,
    "count": 0,
    "updated": 1535513591
  },
  {
    "id": "1bfc4533-64a9-4d21-94fe-ae62fdcc6408",
    "data": [
      {
        "text": "sokt",
        "userDefined": false
      }
    ],
    "isTemplate": false,
    "count": 0,
    "updated": 1535513591
  },
  {
    "id": "d344cc43-4126-4d2a-b7d3-cb92146309f8",
    "data": [
      {
        "text": "soket",
        "userDefined": false
      }
    ],
    "isTemplate": false,
    "count": 0,
    "updated": 1535513591
  },
  {
    "id": "0b836ef8-f7a2-41b4-b196-ee5c1cb451ff",
    "data": [
      {
        "text": "do you have any other type of smart lights",
        "alias": "IoT_Product_Type",
        "meta": "@IoT_Product_Type",
        "userDefined": true
      },
      {
        "text": "?",
        "userDefined": false
      }
    ],
    "isTemplate": false,
    "count": 0,
    "updated": 1533529016
  },
  {
    "id": "2e978158-0286-40a7-8f63-8e8cb053463d",
    "data": [
      {
        "text": "i want to control the light remotely",
        "alias": "IoT_Product_Type",
        "meta": "@IoT_Product_Type",
        "userDefined": true
      }
    ],
    "isTemplate": false,
    "count": 0,
    "updated": 1533529016
  },
  {
    "id": "cb2d964b-1395-405a-9bc9-af2135abfe20",
    "data": [
      {
        "text": "i want to control the light automatically",
        "userDefined": false
      }
    ],
    "isTemplate": false,
    "count": 0,
    "updated": 1533529016
  },
  {
    "id": "8405dff1-aee6-4b37-9c28-4f846d40c215",
    "data": [
      {
        "text": "socket",
        "alias": "IoT_Product_Type",
        "meta": "@IoT_Product_Type",
        "userDefined": true
      }
    ],
    "isTemplate": false,
    "count": 0,
    "updated": 1533464372
  },
  {
    "id": "cf7dac1e-1894-4022-92ce-5cc05b1744fa",
    "data": [
      {
        "text": "smart socket",
        "alias": "IoT_Product_Type",
        "meta": "@IoT_Product_Type",
        "userDefined": true
      }
    ],
    "isTemplate": false,
    "count": 0,
    "updated": 1533464372
  }
]