[
  {
    "id": "6d73a2fe-bb40-4c93-aef1-d8e741573d61",
    "data": [
      {
        "text": "Hola",
        "userDefined": false
      }
    ],
    "isTemplate": false,
    "count": 0,
    "updated": 1533282370
  },
  {
    "id": "c69f4445-9756-4559-b3fd-17a3471bf4a7",
    "data": [
      {
        "text": "hi",
        "userDefined": false
      }
    ],
    "isTemplate": false,
    "count": 0,
    "updated": 1533282370
  },
  {
    "id": "bf146886-3928-4947-9fe6-9514f799440c",
    "data": [
      {
        "text": "hello again",
        "userDefined": false
      }
    ],
    "isTemplate": false,
    "count": 0,
    "updated": 1533282370
  },
  {
    "id": "838f1de5-81a6-4e6f-a2dd-ba6b9a5d6a38",
    "data": [
      {
        "text": "hello hi",
        "userDefined": false
      }
    ],
    "isTemplate": false,
    "count": 0,
    "updated": 1533282370
  },
  {
    "id": "dc4aadba-b629-468e-b880-8c0601653035",
    "data": [
      {
        "text": "hi there",
        "userDefined": false
      }
    ],
    "isTemplate": false,
    "count": 1,
    "updated": 1533282370
  },
  {
    "id": "c8870a0b-cea5-4559-a898-e9d5c62b4867",
    "data": [
      {
        "text": "a good day",
        "userDefined": false
      }
    ],
    "isTemplate": false,
    "count": 0,
    "updated": 1533282370
  },
  {
    "id": "21459591-80a8-4144-91f9-eb9b5d42d610",
    "data": [
      {
        "text": "How are you?",
        "userDefined": false
      }
    ],
    "isTemplate": false,
    "count": 0,
    "updated": 1533282370
  },
  {
    "id": "a72e1894-58b3-4341-9899-25fb47beae41",
    "data": [
      {
        "text": "lovely day isn\u0027t it",
        "userDefined": false
      }
    ],
    "isTemplate": false,
    "count": 0,
    "updated": 1533282370
  },
  {
    "id": "6f5fb75e-367c-4eb4-b5b6-269c3e2de1da",
    "data": [
      {
        "text": "howdy",
        "userDefined": false
      }
    ],
    "isTemplate": false,
    "count": 0,
    "updated": 1533282370
  },
  {
    "id": "45764e99-0dbe-4147-be91-7a92eb3ad579",
    "data": [
      {
        "text": "hey",
        "userDefined": false
      }
    ],
    "isTemplate": false,
    "count": 0,
    "updated": 1533282370
  },
  {
    "id": "d75dc339-dec9-400c-b4ed-d37ba808c57f",
    "data": [
      {
        "text": "I greet you",
        "userDefined": false
      }
    ],
    "isTemplate": false,
    "count": 0,
    "updated": 1533282370
  },
  {
    "id": "de11e7df-849e-495d-a290-4c3918f554cc",
    "data": [
      {
        "text": "heya",
        "userDefined": false
      }
    ],
    "isTemplate": false,
    "count": 0,
    "updated": 1533282370
  },
  {
    "id": "a7cd568d-2a72-49f8-bb1d-b5af09f9ca07",
    "data": [
      {
        "text": "just going to say hi",
        "userDefined": false
      }
    ],
    "isTemplate": false,
    "count": 0,
    "updated": 1533282370
  },
  {
    "id": "434fb27f-d4f4-47a5-acd3-dc877265a555",
    "data": [
      {
        "text": "hey there",
        "userDefined": false
      }
    ],
    "isTemplate": false,
    "count": 0,
    "updated": 1533282370
  },
  {
    "id": "c3ffc416-89d6-446c-9610-c164362eb233",
    "data": [
      {
        "text": "long time no see",
        "userDefined": false
      }
    ],
    "isTemplate": false,
    "count": 0,
    "updated": 1533282370
  },
  {
    "id": "c159996e-47c7-4a7b-98e0-783f9041d29a",
    "data": [
      {
        "text": "hello there",
        "userDefined": false
      }
    ],
    "isTemplate": false,
    "count": 0,
    "updated": 1533282370
  },
  {
    "id": "5c7758d2-7405-4e0d-bb2d-37c8a3221074",
    "data": [
      {
        "text": "greetings",
        "userDefined": false
      }
    ],
    "isTemplate": false,
    "count": 0,
    "updated": 1533282370
  },
  {
    "id": "c0824208-b35d-45ef-a80c-99a5957a30d8",
    "data": [
      {
        "text": "hello",
        "userDefined": false
      }
    ],
    "isTemplate": false,
    "count": 0,
    "updated": 1533282370
  }
]