[
  {
    "id": "38a01e1d-ce95-4c6c-a5e5-e9bd89e9ae41",
    "data": [
      {
        "text": "anything else",
        "alias": "faq",
        "meta": "@faq",
        "userDefined": true
      }
    ],
    "isTemplate": false,
    "count": 0,
    "updated": 1533548914
  },
  {
    "id": "3334cdb0-f3d1-4c80-8176-950b4e75d4c0",
    "data": [
      {
        "text": "what services do you have?",
        "alias": "faq",
        "meta": "@faq",
        "userDefined": true
      }
    ],
    "isTemplate": false,
    "count": 0,
    "updated": 1533456265
  },
  {
    "id": "0af0dfa0-81ec-403c-a466-b122d94a0e6a",
    "data": [
      {
        "text": "i want to know about your product",
        "alias": "faq",
        "meta": "@faq",
        "userDefined": true
      }
    ],
    "isTemplate": false,
    "count": 0,
    "updated": 1533456265
  },
  {
    "id": "774dd091-b50d-4c3e-8144-cbb4b984f90f",
    "data": [
      {
        "text": "tell me more",
        "alias": "faq",
        "meta": "@faq",
        "userDefined": true
      }
    ],
    "isTemplate": false,
    "count": 0,
    "updated": 1533456265
  },
  {
    "id": "784c7cf4-77ad-4356-846a-2fcedb20206b",
    "data": [
      {
        "text": "what products do you have?",
        "alias": "faq",
        "meta": "@faq",
        "userDefined": true
      }
    ],
    "isTemplate": false,
    "count": 0,
    "updated": 1533456265
  },
  {
    "id": "3be4f5e3-e82f-445b-8f8d-704528dcee07",
    "data": [
      {
        "text": "help",
        "alias": "faq",
        "meta": "@faq",
        "userDefined": false
      }
    ],
    "isTemplate": false,
    "count": 0,
    "updated": 1533456265
  },
  {
    "id": "0074bb0b-96ec-46f4-927e-055dfdbdd411",
    "data": [
      {
        "text": "I ",
        "userDefined": false
      },
      {
        "text": "want to know more",
        "alias": "faq",
        "meta": "@faq",
        "userDefined": true
      },
      {
        "text": " about your products",
        "userDefined": false
      }
    ],
    "isTemplate": false,
    "count": 0,
    "updated": 1533456265
  },
  {
    "id": "aeb627d3-78e9-4199-b1e6-c96c062758f0",
    "data": [
      {
        "text": "tell me about the available products",
        "alias": "faq",
        "meta": "@faq",
        "userDefined": true
      }
    ],
    "isTemplate": false,
    "count": 0,
    "updated": 1533456265
  },
  {
    "id": "f34e4954-f64a-4be9-a764-27d51dae3e20",
    "data": [
      {
        "text": "qa",
        "alias": "faq",
        "meta": "@faq",
        "userDefined": false
      }
    ],
    "isTemplate": false,
    "count": 0,
    "updated": 1533456265
  },
  {
    "id": "6b111720-a1b8-4804-a478-bbbbbcee6bb6",
    "data": [
      {
        "text": "faq",
        "alias": "faq",
        "meta": "@faq",
        "userDefined": false
      }
    ],
    "isTemplate": false,
    "count": 1,
    "updated": 1533456265
  }
]