[
  {
    "id": "67aa08aa-a8e6-4ef0-8d08-ca18420100a7",
    "data": [
      {
        "text": "I want something to detect ",
        "userDefined": false
      },
      {
        "text": "fire",
        "alias": "IoT_Product_Type",
        "meta": "@IoT_Product_Type",
        "userDefined": false
      },
      {
        "text": " in ",
        "userDefined": false
      },
      {
        "text": "500 bdt",
        "meta": "@sys.ignore",
        "userDefined": true
      },
      {
        "text": " around ",
        "userDefined": false
      },
      {
        "text": "dhaka city",
        "meta": "@sys.ignore",
        "userDefined": true
      }
    ],
    "isTemplate": false,
    "count": 0,
    "updated": 1533374658
  },
  {
    "id": "bef75049-0236-4cec-a1b5-d54734dcd870",
    "data": [
      {
        "text": "i want to observe my ",
        "userDefined": false
      },
      {
        "text": "home",
        "alias": "Problem",
        "meta": "@Problem",
        "userDefined": false
      },
      {
        "text": " ",
        "userDefined": false
      },
      {
        "text": "remotely",
        "alias": "IoT_Product_Type",
        "meta": "@IoT_Product_Type",
        "userDefined": false
      },
      {
        "text": " from anywhere",
        "userDefined": false
      }
    ],
    "isTemplate": false,
    "count": 0,
    "updated": 1533374658
  },
  {
    "id": "f66b4636-69cb-4312-9707-42de6bfd423e",
    "data": [
      {
        "text": "i want to see my ",
        "userDefined": false
      },
      {
        "text": "office",
        "alias": "Problem",
        "meta": "@Problem",
        "userDefined": false
      },
      {
        "text": " when i am not in my ",
        "userDefined": false
      },
      {
        "text": "office",
        "meta": "@sys.ignore",
        "userDefined": false
      },
      {
        "text": " , how can i do that ?",
        "userDefined": false
      }
    ],
    "isTemplate": false,
    "count": 0,
    "updated": 1533374658
  },
  {
    "id": "2e9adfd7-fd97-44cf-ae5c-98e3f523aed5",
    "data": [
      {
        "text": "how much it\u0027ll cost me to make my ",
        "userDefined": false
      },
      {
        "text": "office",
        "alias": "Problem",
        "meta": "@Problem",
        "userDefined": false
      },
      {
        "text": " smart?",
        "userDefined": false
      }
    ],
    "isTemplate": false,
    "count": 0,
    "updated": 1533374658
  },
  {
    "id": "af3805a9-6bd9-4a2f-8d6c-c26004ffb22c",
    "data": [
      {
        "text": "i am looking for ",
        "userDefined": false
      },
      {
        "text": "smart lighting",
        "alias": "IoT_Product_Type",
        "meta": "@IoT_Product_Type",
        "userDefined": false
      },
      {
        "text": " solutions for my ",
        "userDefined": false
      },
      {
        "text": "home",
        "alias": "Problem",
        "meta": "@Problem",
        "userDefined": false
      },
      {
        "text": ".",
        "userDefined": false
      }
    ],
    "isTemplate": false,
    "count": 0,
    "updated": 1533374658
  },
  {
    "id": "c6c7d296-f912-4337-b1e1-3700e2dd1c62",
    "data": [
      {
        "text": "what type of ",
        "userDefined": false
      },
      {
        "text": "survelliance",
        "alias": "Problem",
        "meta": "@Problem",
        "userDefined": false
      },
      {
        "text": " system do you have?",
        "userDefined": false
      }
    ],
    "isTemplate": false,
    "count": 0,
    "updated": 1533374658
  },
  {
    "id": "5c255508-d501-4a60-80b7-61551358a235",
    "data": [
      {
        "text": "don\u0027t you have other ",
        "userDefined": false
      },
      {
        "text": "kitchen gadgets",
        "alias": "IoT_Product_Type",
        "meta": "@IoT_Product_Type",
        "userDefined": false
      },
      {
        "text": "?",
        "userDefined": false
      }
    ],
    "isTemplate": false,
    "count": 0,
    "updated": 1533374658
  },
  {
    "id": "6e092748-5e5d-4f1f-ab6e-444d8aea3962",
    "data": [
      {
        "text": "lighting",
        "alias": "IoT_Product_Type",
        "meta": "@IoT_Product_Type",
        "userDefined": true
      }
    ],
    "isTemplate": false,
    "count": 0,
    "updated": 1533374658
  },
  {
    "id": "b51f5424-2c33-41e3-808f-678f9a10a919",
    "data": [
      {
        "text": "what kind of ",
        "userDefined": false
      },
      {
        "text": "smart lights",
        "alias": "IoT_Product_Type",
        "meta": "@IoT_Product_Type",
        "userDefined": false
      },
      {
        "text": " you have?",
        "userDefined": false
      }
    ],
    "isTemplate": false,
    "count": 0,
    "updated": 1533374658
  },
  {
    "id": "c899009f-1644-445e-b12c-6cad15e6ebb9",
    "data": [
      {
        "text": "how can i detect ",
        "userDefined": false
      },
      {
        "text": "fire",
        "alias": "IoT_Product_Type",
        "meta": "@IoT_Product_Type",
        "userDefined": false
      },
      {
        "text": "?",
        "userDefined": false
      }
    ],
    "isTemplate": false,
    "count": 0,
    "updated": 1533374658
  },
  {
    "id": "df76286c-c053-4d8d-acc5-0a24f1d3f481",
    "data": [
      {
        "text": "what about ",
        "userDefined": false
      },
      {
        "text": "iot",
        "alias": "Problem",
        "meta": "@Problem",
        "userDefined": false
      },
      {
        "text": " ",
        "userDefined": false
      },
      {
        "text": "kitchen",
        "alias": "IoT_Product_Type",
        "meta": "@IoT_Product_Type",
        "userDefined": false
      },
      {
        "text": "?",
        "userDefined": false
      }
    ],
    "isTemplate": false,
    "count": 0,
    "updated": 1533374658
  },
  {
    "id": "adeee48e-dbaf-4c4e-a726-f4d32c9996c6",
    "data": [
      {
        "text": "smart employee ",
        "userDefined": false
      },
      {
        "text": "clock in",
        "meta": "@sys.ignore",
        "userDefined": false
      },
      {
        "text": " and ",
        "userDefined": false
      },
      {
        "text": "clock out",
        "alias": "IoT_Product_Type",
        "meta": "@IoT_Product_Type",
        "userDefined": false
      },
      {
        "text": " system?",
        "userDefined": false
      }
    ],
    "isTemplate": false,
    "count": 0,
    "updated": 1533374658
  },
  {
    "id": "a7cc843f-9428-4e2f-a1f1-66595edfccf6",
    "data": [
      {
        "text": "smart lighting",
        "alias": "IoT_Product_Type",
        "meta": "@IoT_Product_Type",
        "userDefined": false
      }
    ],
    "isTemplate": false,
    "count": 0,
    "updated": 1533374658
  },
  {
    "id": "1d5d0c4f-c062-4bfc-96ab-767cfe0c84d5",
    "data": [
      {
        "text": "your products are available in ",
        "userDefined": false
      },
      {
        "text": "Comilla",
        "meta": "@sys.ignore",
        "userDefined": true
      },
      {
        "text": "?",
        "userDefined": false
      }
    ],
    "isTemplate": false,
    "count": 0,
    "updated": 1533374658
  },
  {
    "id": "f166c170-dfcf-4381-8ca0-dd1eff0ef789",
    "data": [
      {
        "text": "Fine, Thank you. I want something to detect ",
        "userDefined": false
      },
      {
        "text": "fire",
        "alias": "IoT_Product_Type",
        "meta": "@IoT_Product_Type",
        "userDefined": false
      },
      {
        "text": ".",
        "userDefined": false
      }
    ],
    "isTemplate": false,
    "count": 1,
    "updated": 1533374658
  },
  {
    "id": "be1fdc79-88a4-4445-bdd5-cf28a8335bfd",
    "data": [
      {
        "text": "how can ",
        "userDefined": false
      },
      {
        "text": "iot",
        "alias": "Problem",
        "meta": "@Problem",
        "userDefined": false
      },
      {
        "text": " make my life easy",
        "userDefined": false
      }
    ],
    "isTemplate": false,
    "count": 0,
    "updated": 1533374658
  },
  {
    "id": "5a11c877-4ad5-43f7-b575-e597c4df3b98",
    "data": [
      {
        "text": "i want to make my ",
        "userDefined": false
      },
      {
        "text": "office",
        "alias": "Problem",
        "meta": "@Problem",
        "userDefined": false
      },
      {
        "text": " smart in ",
        "userDefined": false
      },
      {
        "text": "10000 bdt",
        "meta": "@sys.ignore",
        "userDefined": false
      }
    ],
    "isTemplate": false,
    "count": 0,
    "updated": 1533374658
  },
  {
    "id": "c85eaa25-85cf-4b2a-a78c-477f126cf9a4",
    "data": [
      {
        "text": "i need an iot solution for my ",
        "userDefined": false
      },
      {
        "text": "home",
        "alias": "Problem",
        "meta": "@Problem",
        "userDefined": false
      }
    ],
    "isTemplate": false,
    "count": 0,
    "updated": 1533374658
  },
  {
    "id": "b74a71c5-6211-4e82-83ff-11f97fd70501",
    "data": [
      {
        "text": "can i get smart ",
        "userDefined": false
      },
      {
        "text": "home",
        "alias": "Problem",
        "meta": "@Problem",
        "userDefined": false
      },
      {
        "text": " solution in ",
        "userDefined": false
      },
      {
        "text": "Dhaka",
        "meta": "@sys.ignore",
        "userDefined": true
      },
      {
        "text": "?",
        "userDefined": false
      }
    ],
    "isTemplate": false,
    "count": 0,
    "updated": 1533374658
  },
  {
    "id": "e0b36267-d7d6-482a-8760-ccdbf168744a",
    "data": [
      {
        "text": "i want to smart control for my ",
        "userDefined": false
      },
      {
        "text": "livingroom",
        "alias": "Problem",
        "meta": "@Problem",
        "userDefined": false
      },
      {
        "text": " light",
        "userDefined": false
      }
    ],
    "isTemplate": false,
    "count": 0,
    "updated": 1533374658
  },
  {
    "id": "06b72ea7-6bcf-44db-a3fc-cb0b11dfdbf2",
    "data": [
      {
        "text": "i want to detect ",
        "userDefined": false
      },
      {
        "text": "smoke",
        "alias": "IoT_Product_Type",
        "meta": "@IoT_Product_Type",
        "userDefined": false
      },
      {
        "text": " , you have any ",
        "userDefined": false
      },
      {
        "text": "solution",
        "alias": "Problem",
        "meta": "@Problem",
        "userDefined": true
      },
      {
        "text": " for this?",
        "userDefined": false
      }
    ],
    "isTemplate": false,
    "count": 0,
    "updated": 1533374658
  },
  {
    "id": "abf645ee-e493-4b91-9a56-c165961cbdf8",
    "data": [
      {
        "text": "can i ",
        "userDefined": false
      },
      {
        "text": "track",
        "alias": "IoT_Product_Type",
        "meta": "@IoT_Product_Type",
        "userDefined": false
      },
      {
        "text": " ",
        "userDefined": false
      },
      {
        "text": "where",
        "meta": "@sys.ignore",
        "userDefined": false
      },
      {
        "text": " my kids are?",
        "userDefined": false
      }
    ],
    "isTemplate": false,
    "count": 0,
    "updated": 1533374658
  },
  {
    "id": "6e31de0b-ccbb-4f1a-bd8e-161045d66152",
    "data": [
      {
        "text": "i want to make my ",
        "userDefined": false
      },
      {
        "text": "office",
        "alias": "Problem",
        "meta": "@Problem",
        "userDefined": false
      },
      {
        "text": " ",
        "userDefined": false
      },
      {
        "text": "smart",
        "meta": "@sys.ignore",
        "userDefined": false
      }
    ],
    "isTemplate": false,
    "count": 0,
    "updated": 1533374658
  },
  {
    "id": "94231858-5279-4d63-80c1-14aeaebb368f",
    "data": [
      {
        "text": "i want to ",
        "userDefined": false
      },
      {
        "text": "control lights",
        "alias": "IoT_Product_Type",
        "meta": "@IoT_Product_Type",
        "userDefined": true
      }
    ],
    "isTemplate": false,
    "count": 0,
    "updated": 1533374658
  },
  {
    "id": "a9ee1685-05cd-4830-8960-f1ecb4579061",
    "data": [
      {
        "text": "can you suggest me a helpful ",
        "userDefined": false
      },
      {
        "text": "iot product",
        "alias": "Problem",
        "meta": "@Problem",
        "userDefined": false
      },
      {
        "text": " for me?",
        "userDefined": false
      }
    ],
    "isTemplate": false,
    "count": 0,
    "updated": 1533374658
  },
  {
    "id": "5c7f73eb-a2db-41ee-84a2-0a8e2239a939",
    "data": [
      {
        "text": "i want to change the mood of my ",
        "userDefined": false
      },
      {
        "text": "living room",
        "alias": "Problem",
        "meta": "@Problem",
        "userDefined": true
      }
    ],
    "isTemplate": false,
    "count": 0,
    "updated": 1533374658
  },
  {
    "id": "a37bf87e-c351-4b9a-8794-844c6fa3a479",
    "data": [
      {
        "text": "how can i operate ",
        "userDefined": false
      },
      {
        "text": "smart attendance system",
        "alias": "IoT_Product_Type",
        "meta": "@IoT_Product_Type",
        "userDefined": false
      },
      {
        "text": "?",
        "userDefined": false
      }
    ],
    "isTemplate": false,
    "count": 0,
    "updated": 1533374658
  },
  {
    "id": "dfb1dea4-b746-4c29-a2a0-41d06801a2b2",
    "data": [
      {
        "text": "how can i make my ",
        "userDefined": false
      },
      {
        "text": "kitchen",
        "alias": "IoT_Product_Type",
        "meta": "@IoT_Product_Type",
        "userDefined": false
      },
      {
        "text": " smart",
        "userDefined": false
      }
    ],
    "isTemplate": false,
    "count": 0,
    "updated": 1533374658
  },
  {
    "id": "1444b5cc-70bb-438c-87c4-7f69f16a1953",
    "data": [
      {
        "text": "i am having problem to keep ",
        "userDefined": false
      },
      {
        "text": "track",
        "alias": "IoT_Product_Type",
        "meta": "@IoT_Product_Type",
        "userDefined": false
      },
      {
        "text": " of my employee\u0027s ",
        "userDefined": false
      },
      {
        "text": "attendance",
        "alias": "Problem",
        "meta": "@Problem",
        "userDefined": false
      },
      {
        "text": ".",
        "userDefined": false
      }
    ],
    "isTemplate": false,
    "count": 0,
    "updated": 1533374658
  },
  {
    "id": "2dccdd42-bddf-4882-834d-b2976898deff",
    "data": [
      {
        "text": "I was looking for a ",
        "userDefined": false
      },
      {
        "text": "smart solution",
        "alias": "Problem",
        "meta": "@Problem",
        "userDefined": true
      },
      {
        "text": " for ",
        "userDefined": false
      },
      {
        "text": "controlling my lights",
        "alias": "IoT_Product_Type",
        "meta": "@IoT_Product_Type",
        "userDefined": true
      }
    ],
    "isTemplate": false,
    "count": 0,
    "updated": 1533374658
  },
  {
    "id": "30552e96-2b16-465d-b16a-0dd051c5db45",
    "data": [
      {
        "text": "how can i place the ",
        "userDefined": false
      },
      {
        "text": "gas sniffer",
        "alias": "IoT_Product_Type",
        "meta": "@IoT_Product_Type",
        "userDefined": false
      },
      {
        "text": " i bought from you?",
        "userDefined": false
      }
    ],
    "isTemplate": false,
    "count": 0,
    "updated": 1533374658
  },
  {
    "id": "2056a5e4-e988-426d-b52a-d6d6cf4dcb2e",
    "data": [
      {
        "text": "can i get smart lighting in ",
        "userDefined": false
      },
      {
        "text": "500 bdt",
        "meta": "@sys.ignore",
        "userDefined": false
      },
      {
        "text": "?",
        "userDefined": false
      }
    ],
    "isTemplate": false,
    "count": 0,
    "updated": 1533374658
  },
  {
    "id": "f7eecf42-2445-433b-81eb-47ac8a2960e7",
    "data": [
      {
        "text": "suggest me an iot product for my ",
        "userDefined": false
      },
      {
        "text": "office",
        "alias": "Problem",
        "meta": "@Problem",
        "userDefined": false
      }
    ],
    "isTemplate": false,
    "count": 0,
    "updated": 1533374658
  },
  {
    "id": "dc617ef8-1fad-4f8d-8ffb-9016ba19bb3f",
    "data": [
      {
        "text": "i want to make my ",
        "userDefined": false
      },
      {
        "text": "home",
        "alias": "Problem",
        "meta": "@Problem",
        "userDefined": false
      },
      {
        "text": " automated",
        "userDefined": false
      }
    ],
    "isTemplate": false,
    "count": 0,
    "updated": 1533374658
  },
  {
    "id": "6410b7ed-0e00-436f-bdca-8045541718c0",
    "data": [
      {
        "text": "i want to control my ",
        "userDefined": false
      },
      {
        "text": "home",
        "alias": "Problem",
        "meta": "@Problem",
        "userDefined": false
      },
      {
        "text": " ",
        "userDefined": false
      },
      {
        "text": "lights automatically",
        "alias": "IoT_Product_Type",
        "meta": "@IoT_Product_Type",
        "userDefined": true
      }
    ],
    "isTemplate": false,
    "count": 0,
    "updated": 1533374658
  }
]