[
  {
    "id": "b76e80cf-66a1-44e5-8c2e-2dfefa41aaf1",
    "data": [
      {
        "text": "bad",
        "alias": "Rating",
        "meta": "@Rating",
        "userDefined": false
      },
      {
        "text": " price justification",
        "userDefined": false
      }
    ],
    "isTemplate": false,
    "count": 0,
    "updated": 1533379617
  },
  {
    "id": "ce304f44-dcdc-4101-a635-be8f19237574",
    "data": [
      {
        "text": "the ",
        "userDefined": false
      },
      {
        "text": "price was not justified",
        "alias": "Rating",
        "meta": "@Rating",
        "userDefined": true
      }
    ],
    "isTemplate": false,
    "count": 0,
    "updated": 1533379617
  },
  {
    "id": "b1c18d94-56bc-46b1-a69e-2361f0aa4bf0",
    "data": [
      {
        "text": "unjustified price",
        "alias": "Rating",
        "meta": "@Rating",
        "userDefined": true
      }
    ],
    "isTemplate": false,
    "count": 0,
    "updated": 1533379617
  },
  {
    "id": "cd25cd47-b41e-4cfe-acdb-b3e02efc3205",
    "data": [
      {
        "text": "bad",
        "alias": "Rating",
        "meta": "@Rating",
        "userDefined": false
      }
    ],
    "isTemplate": false,
    "count": 0,
    "updated": 1533379617
  }
]