[
  {
    "id": "d38885ba-a5ee-49b6-a289-418501660d04",
    "data": [
      {
        "text": "the price justification is ",
        "userDefined": false
      },
      {
        "text": "good",
        "alias": "Rating",
        "meta": "@Rating",
        "userDefined": false
      }
    ],
    "isTemplate": false,
    "count": 0,
    "updated": 1533379389
  },
  {
    "id": "84277b63-ec68-4920-b6eb-328936a9e33a",
    "data": [
      {
        "text": "the ",
        "userDefined": false
      },
      {
        "text": "price was justified",
        "alias": "Rating",
        "meta": "@Rating",
        "userDefined": true
      }
    ],
    "isTemplate": false,
    "count": 0,
    "updated": 1533379389
  },
  {
    "id": "ed8b8a8a-527a-4103-9dfd-69184fcdb600",
    "data": [
      {
        "text": "good",
        "alias": "Rating",
        "meta": "@Rating",
        "userDefined": false
      }
    ],
    "isTemplate": false,
    "count": 0,
    "updated": 1533379389
  }
]