[
  {
    "id": "796f7d82-b878-49c9-8f81-bfba5a15628d",
    "data": [
      {
        "text": "good",
        "alias": "Rating",
        "meta": "@Rating",
        "userDefined": false
      },
      {
        "text": " enough",
        "userDefined": false
      }
    ],
    "isTemplate": false,
    "count": 0,
    "updated": 1533378859
  },
  {
    "id": "1c2f41aa-b96e-4933-b2da-3d7cd0609b66",
    "data": [
      {
        "text": "good",
        "alias": "Rating",
        "meta": "@Rating",
        "userDefined": false
      }
    ],
    "isTemplate": false,
    "count": 0,
    "updated": 1533378859
  },
  {
    "id": "de441da4-183e-4548-b80e-d1d5b16fce9c",
    "data": [
      {
        "text": "it was ",
        "userDefined": false
      },
      {
        "text": "good",
        "alias": "Rating",
        "meta": "@Rating",
        "userDefined": false
      }
    ],
    "isTemplate": false,
    "count": 0,
    "updated": 1533378859
  },
  {
    "id": "0a82e6e9-4218-4dc4-9bf4-263c4d43fc9f",
    "data": [
      {
        "text": "good",
        "alias": "Rating",
        "meta": "@Rating",
        "userDefined": false
      },
      {
        "text": " product",
        "userDefined": false
      }
    ],
    "isTemplate": false,
    "count": 0,
    "updated": 1533378859
  },
  {
    "id": "208b5d5c-a780-4225-aeb7-ca6200e90b72",
    "data": [
      {
        "text": "useful",
        "alias": "Rating",
        "meta": "@Rating",
        "userDefined": true
      },
      {
        "text": " product",
        "userDefined": false
      }
    ],
    "isTemplate": false,
    "count": 0,
    "updated": 1533378859
  }
]