[
  {
    "id": "0005145a-3a1a-4e43-90ef-0c3b54bc384f",
    "data": [
      {
        "text": "well",
        "meta": "@sys.ignore",
        "userDefined": false
      },
      {
        "text": " done",
        "userDefined": false
      }
    ],
    "isTemplate": false,
    "count": 0,
    "updated": 0
  },
  {
    "id": "00d0cca8-894d-42cf-9c59-bf912dcee25a",
    "data": [
      {
        "text": "amazing ",
        "userDefined": false
      },
      {
        "text": "work",
        "meta": "@sys.ignore",
        "userDefined": false
      }
    ],
    "isTemplate": false,
    "count": 0,
    "updated": 0
  },
  {
    "id": "d99c9755-f008-45b5-afe3-6e22d5a17631",
    "data": [
      {
        "text": "bravo",
        "userDefined": false
      }
    ],
    "isTemplate": false,
    "count": 0,
    "updated": 0
  },
  {
    "id": "acd5d484-4bbe-49f5-8755-f8b9737b87be",
    "data": [
      {
        "text": "great job",
        "userDefined": false
      }
    ],
    "isTemplate": false,
    "count": 0,
    "updated": 0
  },
  {
    "id": "9178d812-e632-4847-92dc-e37f0565dbc3",
    "data": [
      {
        "text": "great",
        "meta": "@sys.ignore",
        "userDefined": false
      },
      {
        "text": " ",
        "userDefined": false
      },
      {
        "text": "work",
        "meta": "@sys.ignore",
        "userDefined": false
      }
    ],
    "isTemplate": false,
    "count": 0,
    "updated": 0
  },
  {
    "id": "baf243f0-7796-4762-b7d4-abe6c22ca208",
    "data": [
      {
        "text": "nice",
        "meta": "@sys.ignore",
        "userDefined": false
      },
      {
        "text": " ",
        "userDefined": false
      },
      {
        "text": "work",
        "meta": "@sys.ignore",
        "userDefined": false
      }
    ],
    "isTemplate": false,
    "count": 0,
    "updated": 0
  },
  {
    "id": "339d0c98-1fe4-43da-bc51-012cab52752f",
    "data": [
      {
        "text": "way to go",
        "userDefined": false
      }
    ],
    "isTemplate": false,
    "count": 0,
    "updated": 0
  },
  {
    "id": "a2d2546e-1e93-4dfb-8084-1beda86e4ccf",
    "data": [
      {
        "text": "good job",
        "userDefined": false
      }
    ],
    "isTemplate": false,
    "count": 0,
    "updated": 0
  },
  {
    "id": "1803580e-fe10-459e-85a5-c54c70715731",
    "data": [
      {
        "text": "good",
        "meta": "@sys.ignore",
        "userDefined": false
      },
      {
        "text": " ",
        "userDefined": false
      },
      {
        "text": "work",
        "meta": "@sys.ignore",
        "userDefined": false
      }
    ],
    "isTemplate": false,
    "count": 0,
    "updated": 0
  }
]