[
  {
    "id": "35911245-d5dd-47ad-9375-46d80ebb736c",
    "data": [
      {
        "text": "I can\u0027t get to sleep",
        "userDefined": false
      }
    ],
    "isTemplate": false,
    "count": 0,
    "updated": 0
  },
  {
    "id": "b4ce859f-8d9a-44fd-9eba-d23a6c8f9e86",
    "data": [
      {
        "text": "I\u0027",
        "userDefined": false
      },
      {
        "text": "m",
        "meta": "@sys.ignore",
        "userDefined": false
      },
      {
        "text": " sleepless",
        "userDefined": false
      }
    ],
    "isTemplate": false,
    "count": 0,
    "updated": 0
  },
  {
    "id": "f70f5d6e-36c0-4f41-8d19-613ce3300c7b",
    "data": [
      {
        "text": "I\u0027",
        "userDefined": false
      },
      {
        "text": "m",
        "meta": "@sys.ignore",
        "userDefined": false
      },
      {
        "text": " insomnious",
        "userDefined": false
      }
    ],
    "isTemplate": false,
    "count": 0,
    "updated": 0
  },
  {
    "id": "889b9dda-de14-4009-866a-c781723b9674",
    "data": [
      {
        "text": "I\u0027m insomniac",
        "userDefined": false
      }
    ],
    "isTemplate": false,
    "count": 0,
    "updated": 0
  },
  {
    "id": "1f8ff72e-5bc2-45bb-9569-0837eabe5b7e",
    "data": [
      {
        "text": "I can\u0027t ",
        "userDefined": false
      },
      {
        "text": "sleep",
        "meta": "@sys.ignore",
        "userDefined": false
      }
    ],
    "isTemplate": false,
    "count": 0,
    "updated": 0
  },
  {
    "id": "368d0eb0-080d-4588-9727-a19e1eec6260",
    "data": [
      {
        "text": "I can\u0027t get no sleep",
        "userDefined": false
      }
    ],
    "isTemplate": false,
    "count": 0,
    "updated": 0
  },
  {
    "id": "bff44f5f-84d6-4a2d-98cc-c035c38785e0",
    "data": [
      {
        "text": "I can\u0027t get any sleep",
        "userDefined": false
      }
    ],
    "isTemplate": false,
    "count": 0,
    "updated": 0
  },
  {
    "id": "bab9d232-4945-4da7-9163-6f6198ca4bf6",
    "data": [
      {
        "text": "I can\u0027t ",
        "userDefined": false
      },
      {
        "text": "fall",
        "meta": "@sys.ignore",
        "userDefined": false
      },
      {
        "text": " asleep",
        "userDefined": false
      }
    ],
    "isTemplate": false,
    "count": 0,
    "updated": 0
  }
]