[
  {
    "id": "33d73c6d-48c6-41bf-8af0-663d476c4a2f",
    "data": [
      {
        "text": "I\u0027m just being funny",
        "userDefined": false
      }
    ],
    "isTemplate": false,
    "count": 0,
    "updated": 1529441326
  },
  {
    "id": "ca41dfee-b12f-4db0-92f2-f7bacfb68666",
    "data": [
      {
        "text": "it was a joke",
        "userDefined": false
      }
    ],
    "isTemplate": false,
    "count": 0,
    "updated": 1529441326
  },
  {
    "id": "5021b35c-93dc-4dea-be01-b5bd7a84f926",
    "data": [
      {
        "text": "I\u0027m just playing with you",
        "userDefined": false
      }
    ],
    "isTemplate": false,
    "count": 0,
    "updated": 1529441326
  },
  {
    "id": "be6f14c0-a2d0-4cd6-b76e-13fee3c90e2b",
    "data": [
      {
        "text": "kidding",
        "userDefined": false
      }
    ],
    "isTemplate": false,
    "count": 0,
    "updated": 1529441326
  },
  {
    "id": "7b1a31e2-41ce-4b1e-9393-412ea5a1400b",
    "data": [
      {
        "text": "just kidding",
        "userDefined": false
      }
    ],
    "isTemplate": false,
    "count": 0,
    "updated": 1529441326
  },
  {
    "id": "578809a8-42b6-4495-ac53-e77cf91f143c",
    "data": [
      {
        "text": "it\u0027s a joke",
        "userDefined": false
      }
    ],
    "isTemplate": false,
    "count": 0,
    "updated": 1529441326
  },
  {
    "id": "81a9a2da-a56a-440a-b5e7-5ec94f9d216a",
    "data": [
      {
        "text": "I\u0027m kidding",
        "userDefined": false
      }
    ],
    "isTemplate": false,
    "count": 0,
    "updated": 1529441326
  },
  {
    "id": "70ca8f71-5a15-44af-9aab-00a535df4c23",
    "data": [
      {
        "text": "joking",
        "userDefined": false
      }
    ],
    "isTemplate": false,
    "count": 0,
    "updated": 1529441326
  },
  {
    "id": "c4c91b13-8a35-4acb-b8f8-534ff9063aae",
    "data": [
      {
        "text": "I am joking",
        "userDefined": false
      }
    ],
    "isTemplate": false,
    "count": 0,
    "updated": 1529441326
  },
  {
    "id": "4a399c9b-f1e6-41f5-951c-44abe3fd75a6",
    "data": [
      {
        "text": "I was just joking",
        "userDefined": false
      }
    ],
    "isTemplate": false,
    "count": 0,
    "updated": 1529441326
  }
]