[
  {
    "id": "629fef7b-721e-45ef-a13b-0eaefa94dfaf",
    "data": [
      {
        "text": "I\u0027m excited to start our friendship",
        "userDefined": false
      }
    ],
    "isTemplate": false,
    "count": 0,
    "updated": 1529428334
  },
  {
    "id": "7f1d0318-573e-4ac7-83cb-d1e694df4615",
    "data": [
      {
        "text": "I\u0027m thrilled",
        "userDefined": false
      }
    ],
    "isTemplate": false,
    "count": 0,
    "updated": 1529428334
  },
  {
    "id": "ab46aba5-71e3-4e0f-8bc2-d099c90e5210",
    "data": [
      {
        "text": "I am excited",
        "userDefined": false
      }
    ],
    "isTemplate": false,
    "count": 0,
    "updated": 1529428334
  },
  {
    "id": "0d7976b4-f918-48d4-b5b0-7e85304f41ef",
    "data": [
      {
        "text": "how excited I am",
        "userDefined": false
      }
    ],
    "isTemplate": false,
    "count": 0,
    "updated": 1529428334
  },
  {
    "id": "dbbf713e-2a4a-4909-be39-7d79184aae63",
    "data": [
      {
        "text": "I\u0027m excited about working with you",
        "userDefined": false
      }
    ],
    "isTemplate": false,
    "count": 0,
    "updated": 1529428334
  },
  {
    "id": "75fe0b6c-7280-4d96-9f68-ca5ae0f754a6",
    "data": [
      {
        "text": "I\u0027m really excited",
        "userDefined": false
      }
    ],
    "isTemplate": false,
    "count": 0,
    "updated": 1529428334
  }
]