[
  {
    "id": "5cfe5df6-35db-4903-90c5-3f2b507f55bb",
    "data": [
      {
        "text": "that is wonderful",
        "userDefined": false
      }
    ],
    "isTemplate": false,
    "count": 1,
    "updated": 1529427967
  },
  {
    "id": "40039634-c85c-4c31-b205-473d9d726020",
    "data": [
      {
        "text": "straight",
        "userDefined": false
      }
    ],
    "isTemplate": false,
    "count": 1,
    "updated": 1529427967
  },
  {
    "id": "0b27d7fa-def5-4229-9ae8-80aee70eab14",
    "data": [
      {
        "text": "sweet",
        "userDefined": false
      }
    ],
    "isTemplate": false,
    "count": 2,
    "updated": 1529427967
  },
  {
    "id": "90b2748e-289c-4325-bd3d-fa4b2ddebe8d",
    "data": [
      {
        "text": "that\u0027s perfect",
        "userDefined": false
      }
    ],
    "isTemplate": false,
    "count": 1,
    "updated": 1529427967
  },
  {
    "id": "21997e07-2db3-4071-8f96-478b6dc4ffc2",
    "data": [
      {
        "text": "wonderful",
        "userDefined": false
      }
    ],
    "isTemplate": false,
    "count": 1,
    "updated": 1529427967
  },
  {
    "id": "c0bf40a6-12c3-41a3-ac4d-ebf7ddd471b6",
    "data": [
      {
        "text": "good",
        "meta": "@sys.ignore",
        "userDefined": true
      },
      {
        "text": " to know",
        "userDefined": false
      }
    ],
    "isTemplate": false,
    "count": 1,
    "updated": 1529427967
  },
  {
    "id": "4f60cb15-87a9-4086-9e7c-2f43c3f09bae",
    "data": [
      {
        "text": "that\u0027s amazing",
        "userDefined": false
      }
    ],
    "isTemplate": false,
    "count": 1,
    "updated": 1529427967
  },
  {
    "id": "ecfd6fc5-2a06-4433-aff4-3e912d99644b",
    "data": [
      {
        "text": "that\u0027s very ",
        "userDefined": false
      },
      {
        "text": "good",
        "meta": "@sys.ignore",
        "userDefined": true
      }
    ],
    "isTemplate": false,
    "count": 3,
    "updated": 1529427967
  },
  {
    "id": "ba68612d-d84d-4358-83f7-f8a72992a0a9",
    "data": [
      {
        "text": "that\u0027s sweet ",
        "userDefined": false
      },
      {
        "text": "of",
        "meta": "@sys.ignore",
        "userDefined": true
      },
      {
        "text": " you",
        "userDefined": false
      }
    ],
    "isTemplate": false,
    "count": 1,
    "updated": 1529427967
  },
  {
    "id": "de36e4c3-6541-4631-92c6-e1a4db4f937a",
    "data": [
      {
        "text": "fantastic",
        "userDefined": false
      }
    ],
    "isTemplate": false,
    "count": 1,
    "updated": 1529427967
  },
  {
    "id": "ced75f20-5abb-4f48-979f-2916372e715b",
    "data": [
      {
        "text": "oh ",
        "userDefined": false
      },
      {
        "text": "well",
        "meta": "@sys.ignore",
        "userDefined": true
      }
    ],
    "isTemplate": false,
    "count": 1,
    "updated": 1529427967
  },
  {
    "id": "c0635b77-4a4f-4e77-95c8-dfe55f7ff72b",
    "data": [
      {
        "text": "it",
        "meta": "@sys.ignore",
        "userDefined": true
      },
      {
        "text": "\u0027s good",
        "userDefined": false
      }
    ],
    "isTemplate": false,
    "count": 3,
    "updated": 1529427967
  },
  {
    "id": "6cd9299e-f04b-4b3a-b925-39599050eeff",
    "data": [
      {
        "text": "that\u0027s ",
        "userDefined": false
      },
      {
        "text": "nice",
        "meta": "@sys.ignore",
        "userDefined": true
      },
      {
        "text": " ",
        "userDefined": false
      },
      {
        "text": "of",
        "meta": "@sys.ignore",
        "userDefined": true
      },
      {
        "text": " you",
        "userDefined": false
      }
    ],
    "isTemplate": false,
    "count": 1,
    "updated": 1529427967
  },
  {
    "id": "01b0a236-d004-4a75-a5ed-b135ffd4f6b8",
    "data": [
      {
        "text": "that\u0027s cute",
        "userDefined": false
      }
    ],
    "isTemplate": false,
    "count": 1,
    "updated": 1529427967
  },
  {
    "id": "37012f65-0ce3-47d9-a732-789ee04ed7df",
    "data": [
      {
        "text": "that\u0027s pretty ",
        "userDefined": false
      },
      {
        "text": "good",
        "meta": "@sys.ignore",
        "userDefined": true
      }
    ],
    "isTemplate": false,
    "count": 1,
    "updated": 1529427967
  },
  {
    "id": "fde1643c-16a9-4491-8883-8eeeae69b87f",
    "data": [
      {
        "text": "really ",
        "userDefined": false
      },
      {
        "text": "well",
        "meta": "@sys.ignore",
        "userDefined": true
      }
    ],
    "isTemplate": false,
    "count": 1,
    "updated": 1529427967
  },
  {
    "id": "74a11e3b-b2de-48ad-bbfc-e2e9dbde5d0d",
    "data": [
      {
        "text": "I\u0027m",
        "meta": "@sys.ignore",
        "userDefined": true
      },
      {
        "text": " glad to hear that",
        "userDefined": false
      }
    ],
    "isTemplate": false,
    "count": 1,
    "updated": 1529427967
  },
  {
    "id": "9e61a6a8-1eca-4bfd-aa12-410b7ab06ca5",
    "data": [
      {
        "text": "this is ",
        "userDefined": false
      },
      {
        "text": "great",
        "meta": "@sys.ignore",
        "userDefined": true
      }
    ],
    "isTemplate": false,
    "count": 1,
    "updated": 1529427967
  },
  {
    "id": "05b829f0-42a4-4858-9658-2eb3ab0f6be3",
    "data": [
      {
        "text": "fine",
        "meta": "@sys.ignore",
        "userDefined": true
      }
    ],
    "isTemplate": false,
    "count": 1,
    "updated": 1529427967
  },
  {
    "id": "762d7d88-7819-436d-8b4d-3d406cda7a68",
    "data": [
      {
        "text": "that was awesome",
        "userDefined": false
      }
    ],
    "isTemplate": false,
    "count": 1,
    "updated": 1529427967
  },
  {
    "id": "d163d2ee-0c1c-41fb-8268-95c70e104a87",
    "data": [
      {
        "text": "great",
        "meta": "@sys.ignore",
        "userDefined": true
      }
    ],
    "isTemplate": false,
    "count": 2,
    "updated": 1529427967
  },
  {
    "id": "3eefc60e-36e6-458b-b786-b43ac4f24015",
    "data": [
      {
        "text": "it",
        "meta": "@sys.ignore",
        "userDefined": true
      },
      {
        "text": " was ",
        "userDefined": false
      },
      {
        "text": "good",
        "meta": "@sys.ignore",
        "userDefined": true
      }
    ],
    "isTemplate": false,
    "count": 1,
    "updated": 1529427967
  },
  {
    "id": "b5da3c05-2645-4465-b65a-1d7398359206",
    "data": [
      {
        "text": "that\u0027s much better",
        "userDefined": false
      }
    ],
    "isTemplate": false,
    "count": 1,
    "updated": 1529427967
  },
  {
    "id": "b6420d99-8c72-4084-880d-719e0c622e98",
    "data": [
      {
        "text": "cool",
        "meta": "@sys.ignore",
        "userDefined": false
      }
    ],
    "isTemplate": false,
    "count": 1,
    "updated": 1529427967
  },
  {
    "id": "3040e714-47c7-448e-a289-0d05540a116e",
    "data": [
      {
        "text": "that\u0027s great",
        "userDefined": false
      }
    ],
    "isTemplate": false,
    "count": 1,
    "updated": 1529427967
  },
  {
    "id": "5d05e79d-7474-4dc5-b7c2-90aed6e23d0e",
    "data": [
      {
        "text": "that\u0027s wonderful",
        "userDefined": false
      }
    ],
    "isTemplate": false,
    "count": 1,
    "updated": 1529427967
  },
  {
    "id": "646dbd04-bf1d-4f77-882c-5b4338b54275",
    "data": [
      {
        "text": "that\u0027s a ",
        "userDefined": false
      },
      {
        "text": "good",
        "meta": "@sys.ignore",
        "userDefined": true
      },
      {
        "text": " thing",
        "userDefined": false
      }
    ],
    "isTemplate": false,
    "count": 1,
    "updated": 1529427967
  },
  {
    "id": "0885c4a9-7662-481c-a54b-99e6be424b15",
    "data": [
      {
        "text": "that\u0027s awesome ",
        "userDefined": false
      },
      {
        "text": "thank you",
        "meta": "@sys.ignore",
        "userDefined": true
      }
    ],
    "isTemplate": false,
    "count": 1,
    "updated": 1529427967
  },
  {
    "id": "a5c8ae24-28d2-408a-92db-4c97b064c54a",
    "data": [
      {
        "text": "not too ",
        "userDefined": false
      },
      {
        "text": "bad",
        "meta": "@sys.ignore",
        "userDefined": true
      }
    ],
    "isTemplate": false,
    "count": 2,
    "updated": 1529427967
  },
  {
    "id": "908e93aa-a431-4fa2-abb6-f219956c1072",
    "data": [
      {
        "text": "good",
        "meta": "@sys.ignore",
        "userDefined": true
      }
    ],
    "isTemplate": false,
    "count": 2,
    "updated": 1529427967
  },
  {
    "id": "067d2bd5-6b98-4917-a98b-8c05a53068a1",
    "data": [
      {
        "text": "that\u0027s awesome",
        "userDefined": false
      }
    ],
    "isTemplate": false,
    "count": 1,
    "updated": 1529427967
  },
  {
    "id": "7fb0d74b-e872-4703-92d6-40ef46318790",
    "data": [
      {
        "text": "that\u0027s better",
        "userDefined": false
      }
    ],
    "isTemplate": false,
    "count": 1,
    "updated": 1529427967
  },
  {
    "id": "8bf6f7c2-46ed-473c-9e02-9d51e9ce97f3",
    "data": [
      {
        "text": "very ",
        "userDefined": false
      },
      {
        "text": "well",
        "meta": "@sys.ignore",
        "userDefined": true
      }
    ],
    "isTemplate": false,
    "count": 1,
    "updated": 1529427967
  },
  {
    "id": "415e3b2e-3543-44ce-9723-0b948337eeab",
    "data": [
      {
        "text": "that\u0027s not ",
        "userDefined": false
      },
      {
        "text": "bad",
        "meta": "@sys.ignore",
        "userDefined": true
      }
    ],
    "isTemplate": false,
    "count": 1,
    "updated": 1529427967
  },
  {
    "id": "2da45b2d-6dff-4eda-8171-7819cb4e4f77",
    "data": [
      {
        "text": "it\u0027s fine",
        "userDefined": false
      }
    ],
    "isTemplate": false,
    "count": 1,
    "updated": 1529427967
  },
  {
    "id": "0df79516-5ddf-470a-92bf-0899907cabca",
    "data": [
      {
        "text": "really ",
        "userDefined": false
      },
      {
        "text": "good",
        "meta": "@sys.ignore",
        "userDefined": true
      }
    ],
    "isTemplate": false,
    "count": 2,
    "updated": 1529427967
  },
  {
    "id": "139145ed-fe1b-4d37-ac6c-640846291d99",
    "data": [
      {
        "text": "that\u0027s fantastic",
        "userDefined": false
      }
    ],
    "isTemplate": false,
    "count": 1,
    "updated": 1529427967
  },
  {
    "id": "128dd0c6-444c-4587-accd-03c1cb10e913",
    "data": [
      {
        "text": "that is awesome",
        "userDefined": false
      }
    ],
    "isTemplate": false,
    "count": 2,
    "updated": 1529427967
  },
  {
    "id": "78bcd432-0ba4-453a-81e2-23a1d604b672",
    "data": [
      {
        "text": "that was very ",
        "userDefined": false
      },
      {
        "text": "good",
        "meta": "@sys.ignore",
        "userDefined": true
      }
    ],
    "isTemplate": false,
    "count": 1,
    "updated": 1529427967
  },
  {
    "id": "118d7ae8-faa1-4403-93bf-8fe1fb7c9b0c",
    "data": [
      {
        "text": "very ",
        "userDefined": false
      },
      {
        "text": "good",
        "meta": "@sys.ignore",
        "userDefined": true
      }
    ],
    "isTemplate": false,
    "count": 1,
    "updated": 1529427967
  },
  {
    "id": "1b2288ca-a50f-49cd-a7cd-c03cb47b2d44",
    "data": [
      {
        "text": "good",
        "meta": "@sys.ignore",
        "userDefined": true
      },
      {
        "text": " thing",
        "userDefined": false
      }
    ],
    "isTemplate": false,
    "count": 1,
    "updated": 1529427967
  },
  {
    "id": "fe20ee42-e8c2-413e-8db3-ecb05e1dd262",
    "data": [
      {
        "text": "that\u0027s really ",
        "userDefined": false
      },
      {
        "text": "good",
        "meta": "@sys.ignore",
        "userDefined": true
      }
    ],
    "isTemplate": false,
    "count": 1,
    "updated": 1529427967
  },
  {
    "id": "80854e69-9088-4de5-816f-29a3b6321e92",
    "data": [
      {
        "text": "not ",
        "userDefined": false
      },
      {
        "text": "bad",
        "meta": "@sys.ignore",
        "userDefined": true
      }
    ],
    "isTemplate": false,
    "count": 1,
    "updated": 1529427967
  },
  {
    "id": "3029d13a-0dcc-4581-9469-123a6e040a08",
    "data": [
      {
        "text": "it\u0027s very good",
        "userDefined": false
      }
    ],
    "isTemplate": false,
    "count": 1,
    "updated": 1529427967
  },
  {
    "id": "8e6eaf86-a752-4c51-926e-160e53015dd5",
    "data": [
      {
        "text": "very then",
        "userDefined": false
      }
    ],
    "isTemplate": false,
    "count": 1,
    "updated": 1529427967
  },
  {
    "id": "c21c012b-b44d-46b8-86a1-4741db912919",
    "data": [
      {
        "text": "pretty ",
        "userDefined": false
      },
      {
        "text": "good",
        "meta": "@sys.ignore",
        "userDefined": true
      }
    ],
    "isTemplate": false,
    "count": 1,
    "updated": 1529427967
  },
  {
    "id": "97f92685-1a2b-4e35-9239-89f4ef361864",
    "data": [
      {
        "text": "so ",
        "userDefined": false
      },
      {
        "text": "cool",
        "meta": "@sys.ignore",
        "userDefined": false
      }
    ],
    "isTemplate": false,
    "count": 1,
    "updated": 1529427967
  },
  {
    "id": "3b14a938-1098-4754-928f-4d1f979fd3de",
    "data": [
      {
        "text": "super fantastic",
        "userDefined": false
      }
    ],
    "isTemplate": false,
    "count": 1,
    "updated": 1529427967
  },
  {
    "id": "05dc169e-eb22-4c60-bced-f0862fceb38c",
    "data": [
      {
        "text": "it\u0027s",
        "meta": "@sys.ignore",
        "userDefined": true
      },
      {
        "text": " perfect",
        "userDefined": false
      }
    ],
    "isTemplate": false,
    "count": 2,
    "updated": 1529427967
  },
  {
    "id": "14c3c287-cbb9-4036-bfdf-845db53173c6",
    "data": [
      {
        "text": "that\u0027s ",
        "userDefined": false
      },
      {
        "text": "nice",
        "meta": "@sys.ignore",
        "userDefined": true
      }
    ],
    "isTemplate": false,
    "count": 2,
    "updated": 1529427967
  },
  {
    "id": "9c9d78d1-d761-49c9-9221-67249207064e",
    "data": [
      {
        "text": "very ",
        "userDefined": false
      },
      {
        "text": "nice",
        "meta": "@sys.ignore",
        "userDefined": true
      }
    ],
    "isTemplate": false,
    "count": 1,
    "updated": 1529427967
  },
  {
    "id": "2dec756d-b243-4cc1-9d9f-13616fcd6610",
    "data": [
      {
        "text": "that\u0027s really ",
        "userDefined": false
      },
      {
        "text": "nice",
        "meta": "@sys.ignore",
        "userDefined": true
      }
    ],
    "isTemplate": false,
    "count": 1,
    "updated": 1529427967
  },
  {
    "id": "ea404582-3b86-473e-825c-0a46bca77e58",
    "data": [
      {
        "text": "this is ",
        "userDefined": false
      },
      {
        "text": "good",
        "meta": "@sys.ignore",
        "userDefined": true
      }
    ],
    "isTemplate": false,
    "count": 1,
    "updated": 1529427967
  },
  {
    "id": "34d59d5b-531d-40fa-910b-0ff7db3a7423",
    "data": [
      {
        "text": "it",
        "meta": "@sys.ignore",
        "userDefined": true
      },
      {
        "text": "\u0027s great",
        "userDefined": false
      }
    ],
    "isTemplate": false,
    "count": 4,
    "updated": 1529427967
  },
  {
    "id": "40396960-6b1f-419a-b190-d173394d2cc7",
    "data": [
      {
        "text": "it\u0027s",
        "meta": "@sys.ignore",
        "userDefined": true
      },
      {
        "text": " very good",
        "userDefined": false
      }
    ],
    "isTemplate": false,
    "count": 1,
    "updated": 1529427967
  },
  {
    "id": "2a8f6fb7-ba58-40ac-9600-ca65451372fa",
    "data": [
      {
        "text": "terrific",
        "userDefined": false
      }
    ],
    "isTemplate": false,
    "count": 2,
    "updated": 1529427967
  },
  {
    "id": "95a0438c-c313-44f1-b584-17cced3153fe",
    "data": [
      {
        "text": "so sweet ",
        "userDefined": false
      },
      {
        "text": "of",
        "meta": "@sys.ignore",
        "userDefined": true
      },
      {
        "text": " you",
        "userDefined": false
      }
    ],
    "isTemplate": false,
    "count": 1,
    "updated": 1529427967
  },
  {
    "id": "837a7182-f04e-4897-859e-e4ac96654fd3",
    "data": [
      {
        "text": "that was pretty ",
        "userDefined": false
      },
      {
        "text": "good",
        "meta": "@sys.ignore",
        "userDefined": true
      }
    ],
    "isTemplate": false,
    "count": 1,
    "updated": 1529427967
  },
  {
    "id": "ea994a9b-2ab7-46ec-943d-8658048b8632",
    "data": [
      {
        "text": "that was amazing",
        "userDefined": false
      }
    ],
    "isTemplate": false,
    "count": 1,
    "updated": 1529427967
  },
  {
    "id": "bf9bb13d-24e5-45ce-a616-4b0b2ce4ceb8",
    "data": [
      {
        "text": "no ",
        "userDefined": false
      },
      {
        "text": "it",
        "meta": "@sys.ignore",
        "userDefined": true
      },
      {
        "text": "\u0027s ",
        "userDefined": false
      },
      {
        "text": "okay",
        "meta": "@sys.ignore",
        "userDefined": true
      }
    ],
    "isTemplate": false,
    "count": 1,
    "updated": 1529427967
  },
  {
    "id": "f083c26b-2208-4350-801f-858d6d91e84c",
    "data": [
      {
        "text": "so ",
        "userDefined": false
      },
      {
        "text": "good",
        "meta": "@sys.ignore",
        "userDefined": true
      }
    ],
    "isTemplate": false,
    "count": 1,
    "updated": 1529427967
  },
  {
    "id": "a3d3a4aa-4c3a-463f-8e36-cc8beadf574f",
    "data": [
      {
        "text": "it\u0027s awesome",
        "userDefined": false
      }
    ],
    "isTemplate": false,
    "count": 1,
    "updated": 1529427967
  },
  {
    "id": "58555a15-9914-4d04-bd07-d8af54eacbb8",
    "data": [
      {
        "text": "excellent",
        "userDefined": false
      }
    ],
    "isTemplate": false,
    "count": 1,
    "updated": 1529427967
  },
  {
    "id": "ea0d7670-97ae-46e7-94c0-7956832d8676",
    "data": [
      {
        "text": "nice",
        "meta": "@sys.ignore",
        "userDefined": true
      }
    ],
    "isTemplate": false,
    "count": 1,
    "updated": 1529427967
  },
  {
    "id": "085475e6-3006-46a8-a626-3749c9463f1e",
    "data": [
      {
        "text": "good",
        "meta": "@sys.ignore",
        "userDefined": true
      },
      {
        "text": " very ",
        "userDefined": false
      },
      {
        "text": "good",
        "meta": "@sys.ignore",
        "userDefined": true
      }
    ],
    "isTemplate": false,
    "count": 1,
    "updated": 1529427967
  },
  {
    "id": "ef22e8c3-3660-451b-9d7b-a05f3d9a65e0",
    "data": [
      {
        "text": "good",
        "meta": "@sys.ignore",
        "userDefined": true
      },
      {
        "text": " for you",
        "userDefined": false
      }
    ],
    "isTemplate": false,
    "count": 1,
    "updated": 1529427967
  },
  {
    "id": "69411168-1edb-490e-afb1-67ef86079af0",
    "data": [
      {
        "text": "glad to hear ",
        "userDefined": false
      },
      {
        "text": "it",
        "meta": "@sys.ignore",
        "userDefined": true
      }
    ],
    "isTemplate": false,
    "count": 1,
    "updated": 1529427967
  },
  {
    "id": "a0a78f66-8279-493d-a02b-ba289193cede",
    "data": [
      {
        "text": "that was good",
        "userDefined": false
      }
    ],
    "isTemplate": false,
    "count": 1,
    "updated": 1529427967
  },
  {
    "id": "0e5df0e7-c57c-48d3-915c-7cf0087f89b1",
    "data": [
      {
        "text": "very nice",
        "userDefined": false
      }
    ],
    "isTemplate": false,
    "count": 1,
    "updated": 1529427967
  },
  {
    "id": "10f3af12-7f82-438a-9569-296614ade646",
    "data": [
      {
        "text": "much better",
        "userDefined": false
      }
    ],
    "isTemplate": false,
    "count": 1,
    "updated": 1529427967
  },
  {
    "id": "aa9be469-3dcf-48df-86f8-af262a68c126",
    "data": [
      {
        "text": "that is ",
        "userDefined": false
      },
      {
        "text": "nice",
        "meta": "@sys.ignore",
        "userDefined": true
      }
    ],
    "isTemplate": false,
    "count": 1,
    "updated": 1529427967
  },
  {
    "id": "c2237efe-cec4-408f-8170-babbc353c9cf",
    "data": [
      {
        "text": "that is ",
        "userDefined": false
      },
      {
        "text": "good",
        "meta": "@sys.ignore",
        "userDefined": true
      }
    ],
    "isTemplate": false,
    "count": 1,
    "updated": 1529427967
  },
  {
    "id": "a5d71aeb-9768-4293-9659-a0ec7bbef823",
    "data": [
      {
        "text": "okay good",
        "userDefined": false
      }
    ],
    "isTemplate": false,
    "count": 1,
    "updated": 1529427967
  },
  {
    "id": "12a96d30-983d-46b3-ae97-ccd0e65f2b7c",
    "data": [
      {
        "text": "marvelous",
        "userDefined": false
      }
    ],
    "isTemplate": false,
    "count": 1,
    "updated": 1529427967
  },
  {
    "id": "2d8fb33f-b213-4c23-b42c-384e0797d8ef",
    "data": [
      {
        "text": "ok ",
        "userDefined": false
      },
      {
        "text": "good",
        "meta": "@sys.ignore",
        "userDefined": true
      }
    ],
    "isTemplate": false,
    "count": 1,
    "updated": 1529427967
  },
  {
    "id": "f41fb752-2b69-47b5-9f05-05239c838d7f",
    "data": [
      {
        "text": "that\u0027s ",
        "userDefined": false
      },
      {
        "text": "fine",
        "meta": "@sys.ignore",
        "userDefined": true
      }
    ],
    "isTemplate": false,
    "count": 1,
    "updated": 1529427967
  },
  {
    "id": "88c3109e-18e2-46fe-9a0c-ae2c4d7f2374",
    "data": [
      {
        "text": "it\u0027s amazing",
        "userDefined": false
      }
    ],
    "isTemplate": false,
    "count": 1,
    "updated": 1529427967
  },
  {
    "id": "7b3219d7-e397-445b-b3f7-26c4faa42db9",
    "data": [
      {
        "text": "that\u0027s fine",
        "userDefined": false
      }
    ],
    "isTemplate": false,
    "count": 1,
    "updated": 1529427967
  },
  {
    "id": "49901a09-09b8-43aa-8300-ff30392747cb",
    "data": [
      {
        "text": "really ",
        "userDefined": false
      },
      {
        "text": "nice",
        "meta": "@sys.ignore",
        "userDefined": true
      }
    ],
    "isTemplate": false,
    "count": 1,
    "updated": 1529427967
  },
  {
    "id": "4f0780dc-51f0-4854-be7c-eb90c9e50333",
    "data": [
      {
        "text": "it\u0027s",
        "meta": "@sys.ignore",
        "userDefined": true
      },
      {
        "text": " ",
        "userDefined": false
      },
      {
        "text": "great",
        "meta": "@sys.ignore",
        "userDefined": true
      }
    ],
    "isTemplate": false,
    "count": 1,
    "updated": 1529427967
  },
  {
    "id": "e4173e1f-3615-4386-bcdb-75cb998f8b95",
    "data": [
      {
        "text": "it",
        "meta": "@sys.ignore",
        "userDefined": true
      },
      {
        "text": " is ",
        "userDefined": false
      },
      {
        "text": "good",
        "meta": "@sys.ignore",
        "userDefined": true
      }
    ],
    "isTemplate": false,
    "count": 1,
    "updated": 1529427967
  },
  {
    "id": "a7c826be-6649-40e3-b1c7-447884dfb86f",
    "data": [
      {
        "text": "this is awesome",
        "userDefined": false
      }
    ],
    "isTemplate": false,
    "count": 1,
    "updated": 1529427967
  },
  {
    "id": "2846a8de-0f79-443a-ad6e-27195a28d080",
    "data": [
      {
        "text": "that was cute",
        "userDefined": false
      }
    ],
    "isTemplate": false,
    "count": 1,
    "updated": 1529427967
  },
  {
    "id": "6d81efd0-e2e3-49b1-b291-1fcb74ca4588",
    "data": [
      {
        "text": "that\u0027s ",
        "userDefined": false
      },
      {
        "text": "great",
        "meta": "@sys.ignore",
        "userDefined": true
      }
    ],
    "isTemplate": false,
    "count": 4,
    "updated": 1529427967
  },
  {
    "id": "863ae263-522a-4863-807e-0b1cb914339b",
    "data": [
      {
        "text": "splendid",
        "userDefined": false
      }
    ],
    "isTemplate": false,
    "count": 1,
    "updated": 1529427967
  },
  {
    "id": "25a82465-7bbc-47f2-ba4f-0eb3f9b09e84",
    "data": [
      {
        "text": "it",
        "meta": "@sys.ignore",
        "userDefined": true
      },
      {
        "text": " is ",
        "userDefined": false
      },
      {
        "text": "fine",
        "meta": "@sys.ignore",
        "userDefined": true
      }
    ],
    "isTemplate": false,
    "count": 1,
    "updated": 1529427967
  },
  {
    "id": "250c6069-f54d-4bf9-83e4-52637e6259d4",
    "data": [
      {
        "text": "pleasant",
        "userDefined": false
      }
    ],
    "isTemplate": false,
    "count": 1,
    "updated": 1529427967
  },
  {
    "id": "6c537d97-bc3e-43fd-bf53-bce1244fbf06",
    "data": [
      {
        "text": "that\u0027s a ",
        "userDefined": false
      },
      {
        "text": "good",
        "meta": "@sys.ignore",
        "userDefined": true
      },
      {
        "text": " idea",
        "userDefined": false
      }
    ],
    "isTemplate": false,
    "count": 1,
    "updated": 1529427967
  },
  {
    "id": "5a223cb6-d7e1-4713-9b1e-70da822af12c",
    "data": [
      {
        "text": "super",
        "userDefined": false
      }
    ],
    "isTemplate": false,
    "count": 1,
    "updated": 1529427967
  },
  {
    "id": "620002b4-9b61-4096-92aa-ca03fe1f573c",
    "data": [
      {
        "text": "glad to hear that",
        "userDefined": false
      }
    ],
    "isTemplate": false,
    "count": 1,
    "updated": 1529427967
  },
  {
    "id": "8f45a908-d809-424f-b74a-761308781a40",
    "data": [
      {
        "text": "that\u0027s very ",
        "userDefined": false
      },
      {
        "text": "nice",
        "meta": "@sys.ignore",
        "userDefined": true
      },
      {
        "text": " ",
        "userDefined": false
      },
      {
        "text": "of",
        "meta": "@sys.ignore",
        "userDefined": true
      },
      {
        "text": " you",
        "userDefined": false
      }
    ],
    "isTemplate": false,
    "count": 1,
    "updated": 1529427967
  },
  {
    "id": "edd52566-bf4b-4a2f-991c-b561c66fc56b",
    "data": [
      {
        "text": "that\u0027s very ",
        "userDefined": false
      },
      {
        "text": "nice",
        "meta": "@sys.ignore",
        "userDefined": true
      }
    ],
    "isTemplate": false,
    "count": 2,
    "updated": 1529427967
  },
  {
    "id": "e00a1bf1-8ecc-4b23-8cd5-a6eae7e4e0f6",
    "data": [
      {
        "text": "perfect",
        "userDefined": false
      }
    ],
    "isTemplate": false,
    "count": 2,
    "updated": 1529427967
  },
  {
    "id": "4cf88410-b73c-4c42-863e-89376b59dc42",
    "data": [
      {
        "text": "amazing",
        "userDefined": false
      }
    ],
    "isTemplate": false,
    "count": 1,
    "updated": 1529427967
  }
]