[
  {
    "id": "94eb6e3e-0e99-4dc9-836d-84c306a94b00",
    "data": [
      {
        "text": "nothing just forget ",
        "userDefined": false
      },
      {
        "text": "it",
        "meta": "@sys.ignore",
        "userDefined": false
      }
    ],
    "isTemplate": false,
    "count": 0,
    "updated": 0
  },
  {
    "id": "f4dadc6e-1b81-42b7-ad84-7b88a8fbb655",
    "data": [
      {
        "text": "cancel ",
        "userDefined": false
      },
      {
        "text": "it",
        "meta": "@sys.ignore",
        "userDefined": true
      }
    ],
    "isTemplate": false,
    "count": 0,
    "updated": 0
  },
  {
    "id": "66c315ae-5d4c-44bb-a146-218d21da1d38",
    "data": [
      {
        "text": "just cancel ",
        "userDefined": false
      },
      {
        "text": "it",
        "meta": "@sys.ignore",
        "userDefined": false
      }
    ],
    "isTemplate": false,
    "count": 0,
    "updated": 0
  },
  {
    "id": "1d372964-f3c5-408d-a2b1-2d39d8f337dd",
    "data": [
      {
        "text": "cancel ",
        "userDefined": false
      },
      {
        "text": "all",
        "meta": "@sys.ignore",
        "userDefined": false
      },
      {
        "text": " that",
        "userDefined": false
      }
    ],
    "isTemplate": false,
    "count": 0,
    "updated": 0
  },
  {
    "id": "b0046576-a321-4af5-9b77-0a1fc80f77aa",
    "data": [
      {
        "text": "no cancel everything",
        "userDefined": false
      }
    ],
    "isTemplate": false,
    "count": 0,
    "updated": 0
  },
  {
    "id": "652ff0d9-ac49-4db4-b277-fce997091faf",
    "data": [
      {
        "text": "i said cancel",
        "userDefined": false
      }
    ],
    "isTemplate": false,
    "count": 0,
    "updated": 0
  },
  {
    "id": "1343bef9-e071-48e9-bfaa-338b4390d35c",
    "data": [
      {
        "text": "now cancel",
        "userDefined": false
      }
    ],
    "isTemplate": false,
    "count": 0,
    "updated": 0
  },
  {
    "id": "bc5a4b1e-5522-401e-a2c6-5186f592a69a",
    "data": [
      {
        "text": "don\u0027t",
        "meta": "@sys.ignore",
        "userDefined": false
      },
      {
        "text": " do that",
        "userDefined": false
      }
    ],
    "isTemplate": false,
    "count": 0,
    "updated": 0
  },
  {
    "id": "eba7cf36-55c5-4a42-91c8-cabfbf543f85",
    "data": [
      {
        "text": "cancel",
        "userDefined": false
      }
    ],
    "isTemplate": false,
    "count": 1,
    "updated": 0
  },
  {
    "id": "ad10ec5c-9a07-4f5c-9e90-4f552af390f8",
    "data": [
      {
        "text": "stop ",
        "userDefined": false
      },
      {
        "text": "it",
        "meta": "@sys.ignore",
        "userDefined": false
      }
    ],
    "isTemplate": false,
    "count": 0,
    "updated": 0
  },
  {
    "id": "e26a77b5-f033-4d73-b19e-dde00f573ea5",
    "data": [
      {
        "text": "nevermind",
        "meta": "@sys.ignore",
        "userDefined": false
      },
      {
        "text": " forget about ",
        "userDefined": false
      },
      {
        "text": "it",
        "meta": "@sys.ignore",
        "userDefined": false
      }
    ],
    "isTemplate": false,
    "count": 0,
    "updated": 0
  },
  {
    "id": "7e6fdc54-b87e-4375-aae6-d87dfa9438c5",
    "data": [
      {
        "text": "skip ",
        "userDefined": false
      },
      {
        "text": "it",
        "meta": "@sys.ignore",
        "userDefined": false
      }
    ],
    "isTemplate": false,
    "count": 0,
    "updated": 0
  },
  {
    "id": "1a6a8223-f2e7-4f8d-9b54-461d4f60dc78",
    "data": [
      {
        "text": "can you cancel ",
        "userDefined": false
      },
      {
        "text": "it",
        "meta": "@sys.ignore",
        "userDefined": false
      }
    ],
    "isTemplate": false,
    "count": 0,
    "updated": 0
  },
  {
    "id": "148f648d-2389-4a9d-9cf9-ab42d44cf48a",
    "data": [
      {
        "text": "cancel the whole thing",
        "userDefined": false
      }
    ],
    "isTemplate": false,
    "count": 0,
    "updated": 0
  },
  {
    "id": "9978804d-9dd8-4e19-b5f4-8a5cf21a1089",
    "data": [
      {
        "text": "cancel it",
        "userDefined": false
      }
    ],
    "isTemplate": false,
    "count": 0,
    "updated": 0
  },
  {
    "id": "889d6a6f-4384-4158-acda-96a6805123fc",
    "data": [
      {
        "text": "discard",
        "userDefined": false
      }
    ],
    "isTemplate": false,
    "count": 0,
    "updated": 0
  },
  {
    "id": "0b716745-592a-4060-a240-3fc115216753",
    "data": [
      {
        "text": "cancelled",
        "userDefined": false
      }
    ],
    "isTemplate": false,
    "count": 0,
    "updated": 0
  },
  {
    "id": "13ad483e-ab4c-4829-8de8-58244d549d8c",
    "data": [
      {
        "text": "forget that",
        "userDefined": false
      }
    ],
    "isTemplate": false,
    "count": 0,
    "updated": 0
  },
  {
    "id": "d21403a5-bbd0-4b32-aec4-533ba620e830",
    "data": [
      {
        "text": "forget this",
        "userDefined": false
      }
    ],
    "isTemplate": false,
    "count": 0,
    "updated": 0
  },
  {
    "id": "81431908-cfd1-4b6b-8305-8493ad5a665b",
    "data": [
      {
        "text": "do",
        "meta": "@sys.ignore",
        "userDefined": false
      },
      {
        "text": " nothing",
        "userDefined": false
      }
    ],
    "isTemplate": false,
    "count": 0,
    "updated": 0
  },
  {
    "id": "e4676d79-399a-4d10-a151-eb1e569eed17",
    "data": [
      {
        "text": "annul",
        "userDefined": false
      }
    ],
    "isTemplate": false,
    "count": 0,
    "updated": 0
  },
  {
    "id": "1d664885-d20d-4e7c-bd3c-c7b739151256",
    "data": [
      {
        "text": "cancel this request",
        "userDefined": false
      }
    ],
    "isTemplate": false,
    "count": 0,
    "updated": 0
  },
  {
    "id": "bcfa213e-f4c0-4a0b-a7c5-8f9e6a8c86a7",
    "data": [
      {
        "text": "forget about that",
        "userDefined": false
      }
    ],
    "isTemplate": false,
    "count": 0,
    "updated": 0
  },
  {
    "id": "abf83bbd-c696-49bd-a82e-8c1fffcf4f68",
    "data": [
      {
        "text": "forget ",
        "userDefined": false
      },
      {
        "text": "it",
        "meta": "@sys.ignore",
        "userDefined": false
      },
      {
        "text": " ",
        "userDefined": false
      },
      {
        "text": "nevermind",
        "meta": "@sys.ignore",
        "userDefined": false
      }
    ],
    "isTemplate": false,
    "count": 0,
    "updated": 0
  },
  {
    "id": "0c4886ee-9416-4cc9-8a02-28c6271a2965",
    "data": [
      {
        "text": "forget about ",
        "userDefined": false
      },
      {
        "text": "it",
        "meta": "@sys.ignore",
        "userDefined": false
      }
    ],
    "isTemplate": false,
    "count": 0,
    "updated": 0
  },
  {
    "id": "268c2f4b-fa9c-4f67-bf1c-b994637eae15",
    "data": [
      {
        "text": "abort",
        "userDefined": false
      }
    ],
    "isTemplate": false,
    "count": 0,
    "updated": 0
  },
  {
    "id": "6f1f76ea-ebaf-436b-80fd-711bc8211e77",
    "data": [
      {
        "text": "stop",
        "userDefined": false
      }
    ],
    "isTemplate": false,
    "count": 0,
    "updated": 0
  },
  {
    "id": "541fc6bc-19b2-40cf-b7af-c19a2726d197",
    "data": [
      {
        "text": "cancel that ",
        "userDefined": false
      },
      {
        "text": "one",
        "meta": "@sys.ignore",
        "userDefined": false
      }
    ],
    "isTemplate": false,
    "count": 0,
    "updated": 0
  },
  {
    "id": "3a3a2d6d-6f41-45c4-b10c-704551b58f6d",
    "data": [
      {
        "text": "cancel now",
        "userDefined": false
      }
    ],
    "isTemplate": false,
    "count": 0,
    "updated": 0
  },
  {
    "id": "cd0496cd-d33a-4cd8-8fd7-87e19c7b06ac",
    "data": [
      {
        "text": "cancel ",
        "userDefined": false
      },
      {
        "text": "all",
        "meta": "@sys.ignore",
        "userDefined": false
      },
      {
        "text": " this",
        "userDefined": false
      }
    ],
    "isTemplate": false,
    "count": 0,
    "updated": 0
  },
  {
    "id": "7fc67900-02dd-463a-be89-a52e3690f192",
    "data": [
      {
        "text": "cancel ",
        "userDefined": false
      },
      {
        "text": "all",
        "meta": "@sys.ignore",
        "userDefined": false
      }
    ],
    "isTemplate": false,
    "count": 0,
    "updated": 0
  },
  {
    "id": "6e8019c0-691a-43c9-ba13-41785be0de53",
    "data": [
      {
        "text": "just forget",
        "userDefined": false
      }
    ],
    "isTemplate": false,
    "count": 0,
    "updated": 0
  },
  {
    "id": "3a95a215-dba6-4c4f-a4c0-fde1abf9b51b",
    "data": [
      {
        "text": "i said forget ",
        "userDefined": false
      },
      {
        "text": "it",
        "meta": "@sys.ignore",
        "userDefined": false
      }
    ],
    "isTemplate": false,
    "count": 0,
    "updated": 0
  },
  {
    "id": "128856d4-cc69-4f47-abff-97cc48b28bfe",
    "data": [
      {
        "text": "cancel request",
        "userDefined": false
      }
    ],
    "isTemplate": false,
    "count": 0,
    "updated": 0
  },
  {
    "id": "cfb111a1-3713-4145-902a-1669428fc9e8",
    "data": [
      {
        "text": "nothing cancel",
        "userDefined": false
      }
    ],
    "isTemplate": false,
    "count": 0,
    "updated": 0
  },
  {
    "id": "e5c6b610-05d8-4433-8db7-10ede36dbc57",
    "data": [
      {
        "text": "can you cancel that",
        "userDefined": false
      }
    ],
    "isTemplate": false,
    "count": 0,
    "updated": 0
  },
  {
    "id": "3354a239-b37c-4e84-a94c-6da84a8ae0ae",
    "data": [
      {
        "text": "cancel ",
        "userDefined": false
      },
      {
        "text": "it",
        "meta": "@sys.ignore",
        "userDefined": false
      },
      {
        "text": " cancel ",
        "userDefined": false
      },
      {
        "text": "it",
        "meta": "@sys.ignore",
        "userDefined": false
      }
    ],
    "isTemplate": false,
    "count": 0,
    "updated": 0
  },
  {
    "id": "63a9897d-faa5-4cf5-a394-d013daf822a4",
    "data": [
      {
        "text": "cancel that cancel that",
        "userDefined": false
      }
    ],
    "isTemplate": false,
    "count": 0,
    "updated": 0
  },
  {
    "id": "f027ebc7-c728-4a56-9f98-620fbe63e4b6",
    "data": [
      {
        "text": "i would like to cancel",
        "userDefined": false
      }
    ],
    "isTemplate": false,
    "count": 0,
    "updated": 0
  },
  {
    "id": "7ee97866-6e37-4d60-a17f-80e2e58328e5",
    "data": [
      {
        "text": "I said cancel cancel",
        "userDefined": false
      }
    ],
    "isTemplate": false,
    "count": 0,
    "updated": 0
  },
  {
    "id": "b99ba624-5964-499d-b627-6d62d962019a",
    "data": [
      {
        "text": "skip skip skip",
        "userDefined": false
      }
    ],
    "isTemplate": false,
    "count": 0,
    "updated": 0
  },
  {
    "id": "20ba48da-c568-4b76-883b-537fbd57169c",
    "data": [
      {
        "text": "no just cancel",
        "userDefined": false
      }
    ],
    "isTemplate": false,
    "count": 0,
    "updated": 0
  },
  {
    "id": "773703b5-e654-4f5a-b84c-695490c1eb08",
    "data": [
      {
        "text": "cancel everything",
        "userDefined": false
      }
    ],
    "isTemplate": false,
    "count": 0,
    "updated": 0
  },
  {
    "id": "bc40decb-45b9-40e8-aee3-588a53bb0319",
    "data": [
      {
        "text": "just forget ",
        "userDefined": false
      },
      {
        "text": "it",
        "meta": "@sys.ignore",
        "userDefined": false
      }
    ],
    "isTemplate": false,
    "count": 0,
    "updated": 0
  },
  {
    "id": "f9e6f0a4-7fd4-4612-9326-251acd4c696e",
    "data": [
      {
        "text": "cancel my request",
        "userDefined": false
      }
    ],
    "isTemplate": false,
    "count": 0,
    "updated": 0
  },
  {
    "id": "8f9157ca-f991-4d98-963d-fc0d0d8a012f",
    "data": [
      {
        "text": "so cancel",
        "userDefined": false
      }
    ],
    "isTemplate": false,
    "count": 0,
    "updated": 0
  },
  {
    "id": "23317d2c-8a52-45bf-8a09-1d0c23b81719",
    "data": [
      {
        "text": "sorry cancel",
        "userDefined": false
      }
    ],
    "isTemplate": false,
    "count": 0,
    "updated": 0
  },
  {
    "id": "d5eea664-39f3-4b0b-8a72-ee6e0325bfe7",
    "data": [
      {
        "text": "i said cancel ",
        "userDefined": false
      },
      {
        "text": "it",
        "meta": "@sys.ignore",
        "userDefined": false
      }
    ],
    "isTemplate": false,
    "count": 0,
    "updated": 0
  },
  {
    "id": "9dd91715-b09c-4027-986c-3b73081ba373",
    "data": [
      {
        "text": "i want to cancel",
        "userDefined": false
      }
    ],
    "isTemplate": false,
    "count": 0,
    "updated": 0
  },
  {
    "id": "cb6bc552-4931-476f-8ff7-f76132dccb77",
    "data": [
      {
        "text": "but can you cancel it",
        "userDefined": false
      }
    ],
    "isTemplate": false,
    "count": 0,
    "updated": 0
  },
  {
    "id": "bad2028d-9ac5-4d91-be5f-0e7029594cba",
    "data": [
      {
        "text": "disregard that",
        "userDefined": false
      }
    ],
    "isTemplate": false,
    "count": 0,
    "updated": 0
  },
  {
    "id": "82c7924b-d134-4f33-b94e-65adc5dc0cbb",
    "data": [
      {
        "text": "just stop ",
        "userDefined": false
      },
      {
        "text": "it",
        "meta": "@sys.ignore",
        "userDefined": false
      }
    ],
    "isTemplate": false,
    "count": 0,
    "updated": 0
  },
  {
    "id": "19371f86-5ffb-402b-bcf7-b5f48e5e674d",
    "data": [
      {
        "text": "no stop",
        "userDefined": false
      }
    ],
    "isTemplate": false,
    "count": 0,
    "updated": 0
  },
  {
    "id": "d4c536ad-dbc3-403a-b73b-2bb4f7ebfde8",
    "data": [
      {
        "text": "no just cancel ",
        "userDefined": false
      },
      {
        "text": "it",
        "meta": "@sys.ignore",
        "userDefined": false
      }
    ],
    "isTemplate": false,
    "count": 0,
    "updated": 0
  },
  {
    "id": "463bbbed-d897-44c5-bbfd-149ab69bddb7",
    "data": [
      {
        "text": "dismiss",
        "userDefined": false
      }
    ],
    "isTemplate": false,
    "count": 0,
    "updated": 0
  },
  {
    "id": "574107fb-85ab-4ecf-8ffc-8227fafdb3fd",
    "data": [
      {
        "text": "i want to cancel ",
        "userDefined": false
      },
      {
        "text": "it",
        "meta": "@sys.ignore",
        "userDefined": false
      }
    ],
    "isTemplate": false,
    "count": 0,
    "updated": 0
  },
  {
    "id": "0337c3a2-06aa-4f9a-9c01-656fcb8c8d3f",
    "data": [
      {
        "text": "just forget about ",
        "userDefined": false
      },
      {
        "text": "it",
        "meta": "@sys.ignore",
        "userDefined": false
      }
    ],
    "isTemplate": false,
    "count": 0,
    "updated": 0
  },
  {
    "id": "e6796ec5-c857-4803-9a0c-a41009512ea2",
    "data": [
      {
        "text": "dismissed",
        "userDefined": false
      }
    ],
    "isTemplate": false,
    "count": 0,
    "updated": 0
  },
  {
    "id": "c68c0230-bbb5-4a16-8e25-4fe57fe33991",
    "data": [
      {
        "text": "no cancel this",
        "userDefined": false
      }
    ],
    "isTemplate": false,
    "count": 0,
    "updated": 0
  },
  {
    "id": "0f5b6d45-f57e-4e80-b983-f7d80986955f",
    "data": [
      {
        "text": "forget",
        "userDefined": false
      }
    ],
    "isTemplate": false,
    "count": 0,
    "updated": 0
  },
  {
    "id": "fc904f3c-6368-4fe7-aabc-b43716d5d610",
    "data": [
      {
        "text": "skip",
        "userDefined": false
      }
    ],
    "isTemplate": false,
    "count": 1,
    "updated": 0
  },
  {
    "id": "02d877ab-0ebe-452b-aa8a-295f35d6dee0",
    "data": [
      {
        "text": "no cancel cancel",
        "userDefined": false
      }
    ],
    "isTemplate": false,
    "count": 0,
    "updated": 0
  },
  {
    "id": "e0db6712-b4e3-40ed-bfce-d642a7581dd7",
    "data": [
      {
        "text": "disregard",
        "userDefined": false
      }
    ],
    "isTemplate": false,
    "count": 0,
    "updated": 0
  }
]