[
  {
    "id": "0b836ef8-f7a2-41b4-b196-ee5c1cb451ff",
    "data": [
      {
        "text": "do you have any other type of smart lights",
        "alias": "IoT_Product_Type",
        "meta": "@IoT_Product_Type",
        "userDefined": true
      },
      {
        "text": "?",
        "userDefined": false
      }
    ],
    "isTemplate": false,
    "count": 0,
    "updated": 1533529016
  },
  {
    "id": "2e978158-0286-40a7-8f63-8e8cb053463d",
    "data": [
      {
        "text": "i want to control the light remotely",
        "alias": "IoT_Product_Type",
        "meta": "@IoT_Product_Type",
        "userDefined": true
      }
    ],
    "isTemplate": false,
    "count": 0,
    "updated": 1533529016
  },
  {
    "id": "cb2d964b-1395-405a-9bc9-af2135abfe20",
    "data": [
      {
        "text": "i want to control the light automatically",
        "userDefined": false
      }
    ],
    "isTemplate": false,
    "count": 0,
    "updated": 1533529016
  },
  {
    "id": "8405dff1-aee6-4b37-9c28-4f846d40c215",
    "data": [
      {
        "text": "socket",
        "alias": "IoT_Product_Type",
        "meta": "@IoT_Product_Type",
        "userDefined": true
      }
    ],
    "isTemplate": false,
    "count": 0,
    "updated": 1533464372
  },
  {
    "id": "cf7dac1e-1894-4022-92ce-5cc05b1744fa",
    "data": [
      {
        "text": "smart socket",
        "alias": "IoT_Product_Type",
        "meta": "@IoT_Product_Type",
        "userDefined": true
      }
    ],
    "isTemplate": false,
    "count": 0,
    "updated": 1533464372
  }
]