[
  {
    "id": "440f4416-c9f9-4537-81dd-6f5fe474f58f",
    "data": [
      {
        "text": "what is ",
        "userDefined": false
      },
      {
        "text": "the cost",
        "alias": "cost",
        "meta": "@sys.currency-name",
        "userDefined": true
      },
      {
        "text": " of ",
        "userDefined": false
      },
      {
        "text": "smart sockets",
        "alias": "IoT_Product_Type",
        "meta": "@IoT_Product_Type",
        "userDefined": true
      }
    ],
    "isTemplate": false,
    "count": 0,
    "updated": 1533405791
  },
  {
    "id": "28333e25-a5cf-4cea-8127-2db7110c3fc2",
    "data": [
      {
        "text": "cost?",
        "alias": "cost",
        "meta": "@sys.currency-name",
        "userDefined": true
      }
    ],
    "isTemplate": false,
    "count": 0,
    "updated": 1533405791
  },
  {
    "id": "2269d4ac-2de3-4bc9-85bc-c06c64a5c663",
    "data": [
      {
        "text": "how much",
        "alias": "cost",
        "meta": "@sys.currency-name",
        "userDefined": true
      },
      {
        "text": " the ",
        "userDefined": false
      },
      {
        "text": "smart lighting",
        "alias": "IoT_Product_Type",
        "meta": "@IoT_Product_Type",
        "userDefined": false
      },
      {
        "text": " system will cost?",
        "userDefined": false
      }
    ],
    "isTemplate": false,
    "count": 0,
    "updated": 1533405791
  },
  {
    "id": "716cdeac-37b1-499a-ab49-54b6c6fd7ee5",
    "data": [
      {
        "text": "and ",
        "userDefined": false
      },
      {
        "text": "the price",
        "alias": "cost",
        "meta": "@sys.currency-name",
        "userDefined": true
      },
      {
        "text": "?",
        "userDefined": false
      }
    ],
    "isTemplate": false,
    "count": 0,
    "updated": 1533405791
  },
  {
    "id": "0778ea1e-fd11-4914-a2ab-684e528344ad",
    "data": [
      {
        "text": "what about ",
        "userDefined": false
      },
      {
        "text": "the price",
        "alias": "cost",
        "meta": "@sys.currency-name",
        "userDefined": true
      },
      {
        "text": "?",
        "userDefined": false
      }
    ],
    "isTemplate": false,
    "count": 1,
    "updated": 1533405791
  }
]