[
  {
    "id": "bddabd2e-9419-42af-afcc-f8135fa96b62",
    "data": [
      {
        "text": "do you have any other type of ",
        "userDefined": false
      },
      {
        "text": "smart lights",
        "alias": "IoT_Product_Type",
        "meta": "@IoT_Product_Type",
        "userDefined": false
      },
      {
        "text": "?",
        "userDefined": false
      }
    ],
    "isTemplate": false,
    "count": 0,
    "updated": 1533405699
  },
  {
    "id": "d137ae95-3961-4313-94e2-e2bb8b9586b1",
    "data": [
      {
        "text": "what kind of ",
        "userDefined": false
      },
      {
        "text": "smart lights",
        "alias": "IoT_Product_Type",
        "meta": "@IoT_Product_Type",
        "userDefined": false
      },
      {
        "text": " do you have?",
        "userDefined": false
      }
    ],
    "isTemplate": false,
    "count": 0,
    "updated": 1533405699
  },
  {
    "id": "857378bf-9065-42ae-b0bb-add2837dea7f",
    "data": [
      {
        "text": "i want ",
        "userDefined": false
      },
      {
        "text": "smart",
        "alias": "Problem",
        "meta": "@Problem",
        "userDefined": false
      },
      {
        "text": " solution for ",
        "userDefined": false
      },
      {
        "text": "office",
        "meta": "@sys.ignore",
        "userDefined": false
      },
      {
        "text": " lights",
        "userDefined": false
      }
    ],
    "isTemplate": false,
    "count": 0,
    "updated": 1533405699
  },
  {
    "id": "2686b4d3-ae37-4a5b-bebc-5da31f7703a2",
    "data": [
      {
        "text": "do you have ",
        "userDefined": false
      },
      {
        "text": "lifx",
        "alias": "IoT_Product_Type",
        "meta": "@IoT_Product_Type",
        "userDefined": false
      },
      {
        "text": " bulbs available?",
        "userDefined": false
      }
    ],
    "isTemplate": false,
    "count": 0,
    "updated": 1533405699
  },
  {
    "id": "8a128493-d699-4b6c-a851-95d0b48dba91",
    "data": [
      {
        "text": "i want to ",
        "userDefined": false
      },
      {
        "text": "control the lights automatically",
        "alias": "IoT_Product_Type",
        "meta": "@IoT_Product_Type",
        "userDefined": true
      }
    ],
    "isTemplate": false,
    "count": 0,
    "updated": 1533405699
  },
  {
    "id": "0d4df09b-cf80-4543-a259-ca6d2bd81b78",
    "data": [
      {
        "text": "what kind of ",
        "userDefined": false
      },
      {
        "text": "lights",
        "alias": "IoT_Product_Type",
        "meta": "@IoT_Product_Type",
        "userDefined": true
      },
      {
        "text": " do you have?",
        "userDefined": false
      }
    ],
    "isTemplate": false,
    "count": 0,
    "updated": 1533405699
  },
  {
    "id": "a931b9b9-3a83-441b-9005-378a81a02d83",
    "data": [
      {
        "text": "i want to schedule the on off time of my ",
        "userDefined": false
      },
      {
        "text": "lights",
        "alias": "IoT_Product_Type",
        "meta": "@IoT_Product_Type",
        "userDefined": true
      }
    ],
    "isTemplate": false,
    "count": 1,
    "updated": 1533405699
  },
  {
    "id": "53d270a8-64f2-4d9b-9393-215348246112",
    "data": [
      {
        "text": "can they ",
        "userDefined": false
      },
      {
        "text": "change the color",
        "alias": "IoT_Product_Type",
        "meta": "@IoT_Product_Type",
        "userDefined": true
      },
      {
        "text": " though? and can i ",
        "userDefined": false
      },
      {
        "text": "control their brightness",
        "alias": "IoT_Product_Type",
        "meta": "@IoT_Product_Type",
        "userDefined": true
      },
      {
        "text": "?",
        "userDefined": false
      }
    ],
    "isTemplate": false,
    "count": 0,
    "updated": 1533405699
  },
  {
    "id": "73274891-4b58-4541-b593-8017b85966fd",
    "data": [
      {
        "text": "do you have ",
        "userDefined": false
      },
      {
        "text": "smart lights",
        "alias": "IoT_Product_Type",
        "meta": "@IoT_Product_Type",
        "userDefined": false
      },
      {
        "text": " too?",
        "userDefined": false
      }
    ],
    "isTemplate": false,
    "count": 0,
    "updated": 1533405699
  },
  {
    "id": "84565134-49b5-46ef-8ee4-33320929a34f",
    "data": [
      {
        "text": "controlling lights",
        "alias": "IoT_Product_Type",
        "meta": "@IoT_Product_Type",
        "userDefined": false
      },
      {
        "text": " automatically",
        "userDefined": false
      }
    ],
    "isTemplate": false,
    "count": 0,
    "updated": 1533405699
  },
  {
    "id": "b4f4ff38-836c-4bc9-9270-d5af4c1db339",
    "data": [
      {
        "text": "i also need ",
        "userDefined": false
      },
      {
        "text": "smart lighting",
        "alias": "IoT_Product_Type",
        "meta": "@IoT_Product_Type",
        "userDefined": false
      },
      {
        "text": " system",
        "userDefined": false
      }
    ],
    "isTemplate": false,
    "count": 0,
    "updated": 1533405699
  },
  {
    "id": "ff6bdf5e-27c4-4096-9dcb-d1520f0686ac",
    "data": [
      {
        "text": "how can i make my ",
        "userDefined": false
      },
      {
        "text": "living room lights",
        "alias": "IoT_Product_Type",
        "meta": "@IoT_Product_Type",
        "userDefined": true
      },
      {
        "text": " ",
        "userDefined": false
      },
      {
        "text": "smart",
        "meta": "@sys.ignore",
        "userDefined": false
      },
      {
        "text": "?",
        "userDefined": false
      }
    ],
    "isTemplate": false,
    "count": 0,
    "updated": 1533405699
  }
]