[
  {
    "id": "d7c5ac3a-b85c-4eb6-b3f1-73318de565cb",
    "data": [
      {
        "text": "customer",
        "userDefined": false
      }
    ],
    "isTemplate": false,
    "count": 0,
    "updated": 1533378452
  },
  {
    "id": "667ab0cc-722e-4ab9-a41f-a9257f19cb3f",
    "data": [
      {
        "text": "feedback",
        "userDefined": false
      }
    ],
    "isTemplate": false,
    "count": 0,
    "updated": 1533378452
  },
  {
    "id": "2845c257-517e-4a52-aa7a-ccd0c9250b28",
    "data": [
      {
        "text": "care",
        "userDefined": false
      }
    ],
    "isTemplate": false,
    "count": 0,
    "updated": 1533378452
  },
  {
    "id": "e4b8d557-8f27-4556-9b73-7e91e111aa05",
    "data": [
      {
        "text": "customer care",
        "userDefined": false
      }
    ],
    "isTemplate": false,
    "count": 0,
    "updated": 1533378452
  },
  {
    "id": "b2b4c725-88e1-489b-8024-0c5e9462f718",
    "data": [
      {
        "text": "review",
        "userDefined": false
      }
    ],
    "isTemplate": false,
    "count": 0,
    "updated": 1533378452
  },
  {
    "id": "c6801ec7-837e-439b-9320-835924c664f2",
    "data": [
      {
        "text": "support",
        "userDefined": false
      }
    ],
    "isTemplate": false,
    "count": 0,
    "updated": 1533378452
  },
  {
    "id": "201254fe-10da-44c6-a2b8-496ca8093d01",
    "data": [
      {
        "text": "product review",
        "userDefined": false
      }
    ],
    "isTemplate": false,
    "count": 0,
    "updated": 1533378452
  }
]