[
  {
    "id": "e73f1588-87a5-4f1f-a7fa-a6cb5effe05b",
    "data": [
      {
        "text": "what is the weather like in ",
        "userDefined": false
      },
      {
        "text": "New Delhi",
        "alias": "geo-city",
        "meta": "@sys.geo-city",
        "userDefined": false
      },
      {
        "text": "?",
        "userDefined": false
      }
    ],
    "isTemplate": false,
    "count": 0,
    "updated": 1533701063
  },
  {
    "id": "165b2799-148f-41de-9a39-68e7b7476041",
    "data": [
      {
        "text": "weather for ",
        "userDefined": false
      },
      {
        "text": "tomorrow",
        "alias": "date",
        "meta": "@sys.date",
        "userDefined": false
      }
    ],
    "isTemplate": false,
    "count": 0,
    "updated": 1533701063
  },
  {
    "id": "23fdf879-2e07-4502-8405-178175ff64e8",
    "data": [
      {
        "text": "the weather forecast in ",
        "userDefined": false
      },
      {
        "text": "Dhaka",
        "alias": "geo-city",
        "meta": "@sys.geo-city",
        "userDefined": false
      },
      {
        "text": " ",
        "userDefined": false
      },
      {
        "text": "tomorrow",
        "alias": "date",
        "meta": "@sys.date",
        "userDefined": false
      }
    ],
    "isTemplate": false,
    "count": 0,
    "updated": 1533701063
  },
  {
    "id": "32378f70-c242-490e-a330-4bbb98423928",
    "data": [
      {
        "text": "what is the weather like in ",
        "userDefined": false
      },
      {
        "text": "Egypt",
        "meta": "@sys.ignore",
        "userDefined": false
      },
      {
        "text": "?",
        "userDefined": false
      }
    ],
    "isTemplate": false,
    "count": 0,
    "updated": 1533701063
  },
  {
    "id": "9153aedb-636b-4541-843f-0da8d91bdd95",
    "data": [
      {
        "text": "what is the weather supposed to be in ",
        "userDefined": false
      },
      {
        "text": "Paris",
        "alias": "geo-city",
        "meta": "@sys.geo-city",
        "userDefined": false
      }
    ],
    "isTemplate": false,
    "count": 0,
    "updated": 1533701063
  },
  {
    "id": "65edd8d1-e1bd-4a4b-adc7-7d20f3fc033c",
    "data": [
      {
        "text": "weather update of ",
        "userDefined": false
      },
      {
        "text": "Cox\u0027s Bazar",
        "alias": "geo-city",
        "meta": "@sys.geo-city",
        "userDefined": true
      },
      {
        "text": " ",
        "userDefined": false
      },
      {
        "text": "for day after tomorrow",
        "alias": "date",
        "meta": "@sys.date",
        "userDefined": false
      }
    ],
    "isTemplate": false,
    "count": 0,
    "updated": 1533701063
  },
  {
    "id": "103d928c-a832-4c82-aff8-bb7ff86e3255",
    "data": [
      {
        "text": "Will it rain in ",
        "userDefined": false
      },
      {
        "text": "Rajshahi",
        "alias": "geo-city",
        "meta": "@sys.geo-city",
        "userDefined": false
      },
      {
        "text": " ",
        "userDefined": false
      },
      {
        "text": "tomorrow",
        "alias": "date",
        "meta": "@sys.date",
        "userDefined": false
      },
      {
        "text": "?",
        "userDefined": false
      }
    ],
    "isTemplate": false,
    "count": 0,
    "updated": 1533701063
  },
  {
    "id": "6c73b95c-5cf1-479a-8455-daf229f91cf4",
    "data": [
      {
        "text": "today",
        "alias": "date",
        "meta": "@sys.date",
        "userDefined": false
      },
      {
        "text": "\u0027s\u0027s weather",
        "userDefined": false
      }
    ],
    "isTemplate": false,
    "count": 0,
    "updated": 1533701063
  }
]